#
# There is insufficient memory for the Java Runtime Environment to continue.
# Native memory allocation (mmap) failed to map 65536 bytes. Error detail: Failed to commit metaspace.
# Possible reasons:
#   The system is out of physical RAM or swap space
#   This process is running with CompressedOops enabled, and the Java Heap may be blocking the growth of the native heap
# Possible solutions:
#   Reduce memory load on the system
#   Increase physical memory or swap space
#   Check if swap backing store is full
#   Decrease Java heap size (-Xmx/-Xms)
#   Decrease number of Java threads
#   Decrease Java thread stack sizes (-Xss)
#   Set larger code cache with -XX:ReservedCodeCacheSize=
#   JVM is running with Zero Based Compressed Oops mode in which the Java heap is
#     placed in the first 32GB address space. The Java Heap base address is the
#     maximum limit for the native heap growth. Please use -XX:HeapBaseMinAddress
#     to set the Java Heap base and to place the Java Heap above 32GB virtual address.
# This output file may be truncated or incomplete.
#
#  Out of Memory Error (virtualSpaceNode.cpp:113), pid=17016, tid=5244
#
# JRE version: OpenJDK Runtime Environment (21.0.6) (build 21.0.6+-13391695-b895.109)
# Java VM: OpenJDK 64-Bit Server VM (21.0.6+-13391695-b895.109, mixed mode, tiered, compressed oops, compressed class ptrs, g1 gc, windows-amd64)
# No core dump will be written. Minidumps are not enabled by default on client versions of Windows
#

---------------  S U M M A R Y ------------

Command Line: org.jetbrains.kotlin.cli.jvm.K2JVMCompiler @D:\Kotlin\Projects\Test_1\ReviewCard\app\build\20250920_6486372025760358147.compiler.options

Host: 11th Gen Intel(R) Core(TM) i7-1165G7 @ 2.80GHz, 8 cores, 15G,  Windows 11 , 64 bit Build 26100 (10.0.26100.5074)
Time: Sat Sep 20 23:46:22 2025 Iran Standard Time elapsed time: 8.363548 seconds (0d 0h 0m 8s)

---------------  T H R E A D  ---------------

Current thread (0x000001478caa91d0):  JavaThread "main"             [_thread_in_vm, id=5244, stack(0x0000003b34900000,0x0000003b34a00000) (1024K)]

Stack: [0x0000003b34900000,0x0000003b34a00000]
Native frames: (J=compiled Java code, j=interpreted, Vv=VM code, C=native code)
V  [jvm.dll+0x6d0639]
V  [jvm.dll+0x85eb03]
V  [jvm.dll+0x86105e]
V  [jvm.dll+0x861743]
V  [jvm.dll+0x27e6e6]
V  [jvm.dll+0x8599de]
V  [jvm.dll+0x674055]
V  [jvm.dll+0x1e3131]
V  [jvm.dll+0x1e2efe]
V  [jvm.dll+0x6769a8]
V  [jvm.dll+0x6767e2]
V  [jvm.dll+0x674a4e]
V  [jvm.dll+0x26adf0]
V  [jvm.dll+0x21595b]
V  [jvm.dll+0x20ae49]
V  [jvm.dll+0x5b1ff3]
V  [jvm.dll+0x7d6ac0]
V  [jvm.dll+0x7d6bee]
V  [jvm.dll+0x46eddd]
V  [jvm.dll+0x474728]
C  [java.dll+0x17ec]

Java frames: (J=compiled Java code, j=interpreted, Vv=VM code)
J 301  java.lang.ClassLoader.defineClass1(Ljava/lang/ClassLoader;Ljava/lang/String;[BIILjava/security/ProtectionDomain;Ljava/lang/String;)Ljava/lang/Class; java.base@21.0.6 (0 bytes) @ 0x00000147976e9311 [0x00000147976e9240+0x00000000000000d1]
j  java.lang.ClassLoader.defineClass(Ljava/lang/String;[BIILjava/security/ProtectionDomain;)Ljava/lang/Class;+27 java.base@21.0.6
j  java.security.SecureClassLoader.defineClass(Ljava/lang/String;[BIILjava/security/CodeSource;)Ljava/lang/Class;+12 java.base@21.0.6
j  jdk.internal.loader.BuiltinClassLoader.defineClass(Ljava/lang/String;Ljdk/internal/loader/Resource;)Ljava/lang/Class;+117 java.base@21.0.6
J 562 c1 jdk.internal.loader.BuiltinClassLoader.findClassOnClassPathOrNull(Ljava/lang/String;)Ljava/lang/Class; java.base@21.0.6 (64 bytes) @ 0x000001478fccd1fc [0x000001478fccc520+0x0000000000000cdc]
J 263 c1 jdk.internal.loader.BuiltinClassLoader.loadClassOrNull(Ljava/lang/String;Z)Ljava/lang/Class; java.base@21.0.6 (143 bytes) @ 0x000001478fc4e58c [0x000001478fc4db60+0x0000000000000a2c]
J 410 c1 jdk.internal.loader.ClassLoaders$AppClassLoader.loadClass(Ljava/lang/String;Z)Ljava/lang/Class; java.base@21.0.6 (40 bytes) @ 0x000001478fc8eb64 [0x000001478fc8e980+0x00000000000001e4]
J 409 c1 java.lang.ClassLoader.loadClass(Ljava/lang/String;)Ljava/lang/Class; java.base@21.0.6 (7 bytes) @ 0x000001478fc8e654 [0x000001478fc8e540+0x0000000000000114]
v  ~StubRoutines::call_stub 0x00000147971310e7
j  org.jetbrains.kotlin.cli.common.CLICompiler.exec(Lorg/jetbrains/kotlin/cli/common/messages/MessageCollector;Lorg/jetbrains/kotlin/config/Services;Lorg/jetbrains/kotlin/cli/common/arguments/CommonCompilerArguments;)Lorg/jetbrains/kotlin/cli/common/ExitCode;+80
j  org.jetbrains.kotlin.cli.common.CLICompiler.exec(Ljava/io/PrintStream;Lorg/jetbrains/kotlin/config/Services;Lorg/jetbrains/kotlin/cli/common/messages/MessageRenderer;[Ljava/lang/String;)Lorg/jetbrains/kotlin/cli/common/ExitCode;+259
j  org.jetbrains.kotlin.cli.common.CLICompiler.exec(Ljava/io/PrintStream;Lorg/jetbrains/kotlin/cli/common/messages/MessageRenderer;[Ljava/lang/String;)Lorg/jetbrains/kotlin/cli/common/ExitCode;+26
j  org.jetbrains.kotlin.cli.common.CLICompiler$Companion.doMainNoExit(Lorg/jetbrains/kotlin/cli/common/CLICompiler;[Ljava/lang/String;Lorg/jetbrains/kotlin/cli/common/messages/MessageRenderer;)Lorg/jetbrains/kotlin/cli/common/ExitCode;+39
j  org.jetbrains.kotlin.cli.common.CLICompiler$Companion.doMainNoExit$default(Lorg/jetbrains/kotlin/cli/common/CLICompiler$Companion;Lorg/jetbrains/kotlin/cli/common/CLICompiler;[Ljava/lang/String;Lorg/jetbrains/kotlin/cli/common/messages/MessageRenderer;ILjava/lang/Object;)Lorg/jetbrains/kotlin/cli/common/ExitCode;+16
j  org.jetbrains.kotlin.cli.common.CLICompiler$Companion.doMain(Lorg/jetbrains/kotlin/cli/common/CLICompiler;[Ljava/lang/String;)V+54
j  org.jetbrains.kotlin.cli.jvm.K2JVMCompiler$Companion.main([Ljava/lang/String;)V+20
j  org.jetbrains.kotlin.cli.jvm.K2JVMCompiler.main([Ljava/lang/String;)V+4
v  ~StubRoutines::call_stub 0x00000147971310e7

Compiled method (n/a) 8381  301     n 0       java.lang.ClassLoader::defineClass1 (native)
 total in heap  [0x00000147976e9090,0x00000147976e97f0] = 1888
 relocation     [0x00000147976e91f0,0x00000147976e9230] = 64
 main code      [0x00000147976e9240,0x00000147976e97ef] = 1455
 stub code      [0x00000147976e97ef,0x00000147976e97f0] = 1

[Constant Pool (empty)]

[MachCode]
[Entry Point]
  # {method} {0x00000147a7025018} 'defineClass1' '(Ljava/lang/ClassLoader;Ljava/lang/String;[BIILjava/security/ProtectionDomain;Ljava/lang/String;)Ljava/lang/Class;' in 'java/lang/ClassLoader'
  # parm0:    rdx:rdx   = 'java/lang/ClassLoader'
  # parm1:    r8:r8     = 'java/lang/String'
  # parm2:    r9:r9     = '[B'
  # parm3:    rdi       = int
  # parm4:    rsi       = int
  # parm5:    rcx:rcx   = 'java/security/ProtectionDomain'
  # parm6:    [sp+0xa0]   = 'java/lang/String'  (sp of caller)
  0x00000147976e9240: 448b 5208 | 49bb 0000 | 0000 0800 | 0000 4d03 | d349 3bc2 | 0f84 0600 

  0x00000147976e9258: ;   {runtime_call ic_miss_stub}
  0x00000147976e9258: 0000 e921 | 57a9 ff90 
[Verified Entry Point]
  0x00000147976e9260: 8984 2400 | 80ff ff55 | 488b ec48 | 81ec 9000 | 0000 6690 | 4181 7f20 | 0100 0000 

  0x00000147976e927c: ;   {runtime_call StubRoutines (final stubs)}
  0x00000147976e927c: 7405 e83d | 18a8 ff48 | 837d 1000 | 488d 4510 | 480f 4445 | 1048 8944 | 2440 4889 | 4c24 7048 
  0x00000147976e929c: 83f9 0048 | 8d44 2470 | 480f 4444 | 2470 4889 | 4424 3848 | 8974 2430 | 4889 7c24 | 284c 894c 
  0x00000147976e92bc: 2458 4983 | f900 488d | 4424 5848 | 0f44 4424 | 5848 8944 | 2420 4c89 | 4424 5049 | 83f8 004c 
  0x00000147976e92dc: 8d4c 2450 | 4c0f 444c | 2450 4889 | 5424 4848 | 83fa 004c | 8d44 2448 | 4c0f 4444 

  0x00000147976e92f8: ;   {oop(a 'java/lang/Class'{0x0000000714600f20} = 'java/lang/ClassLoader')}
  0x00000147976e92f8: 2448 49be | 200f 6014 | 0700 0000 | 4c89 7424 | 784c 8d74 | 2478 498b | d6c5 f877 

  0x00000147976e9314: ;   {internal_word}
  0x00000147976e9314: 49ba 1193 | 6e97 4701 | 0000 4d89 | 97a0 0300 | 0049 89a7 | 9803 0000 

  0x00000147976e932c: ;   {external_word}
  0x00000147976e932c: 49ba 8057 | 97b1 fc7f | 0000 4180 | 3a00 0f84 | 4e00 0000 | 5241 5041 

  0x00000147976e9344: ;   {metadata({method} {0x00000147a7025018} 'defineClass1' '(Ljava/lang/ClassLoader;Ljava/lang/String;[BIILjava/security/ProtectionDomain;Ljava/lang/String;)Ljava/lang/Class;' in 'java/lang/ClassLoader')}
  0x00000147976e9344: 5148 ba10 | 5002 a747 | 0100 0049 | 8bcf 4883 | ec20 40f6 | c40f 0f84 | 1900 0000 | 4883 ec08 
  0x00000147976e9364: ;   {runtime_call}
  0x00000147976e9364: 48b8 5077 | 51b1 fc7f | 0000 ffd0 | 4883 c408 | e90c 0000 

  0x00000147976e9378: ;   {runtime_call}
  0x00000147976e9378: 0048 b850 | 7751 b1fc | 7f00 00ff | d048 83c4 | 2041 5941 | 585a 498d | 8fb8 0300 | 0041 c787 
  0x00000147976e9398: 4404 0000 | 0400 0000 

  0x00000147976e93a0: ;   {runtime_call}
  0x00000147976e93a0: 48b8 ac16 | d0f7 fc7f | 0000 ffd0 | c5f8 7741 | c787 4404 | 0000 0500 | 0000 f083 | 4424 c000 
  0x00000147976e93c0: 493b af48 | 0400 000f | 870e 0000 | 0041 83bf | 4004 0000 | 000f 842b | 0000 00c5 | f877 4889 
  0x00000147976e93e0: 45f8 498b | cf4c 8be4 | 4883 ec20 | 4883 e4f0 

  0x00000147976e93f0: ;   {runtime_call}
  0x00000147976e93f0: 48b8 20dc | 1cb1 fc7f | 0000 ffd0 | 498b e44d | 33e4 488b | 45f8 41c7 | 8744 0400 | 0008 0000 
  0x00000147976e9410: 0041 83bf | c004 0000 | 020f 84a3 

  0x00000147976e941c: ;   {external_word}
  0x00000147976e941c: 0300 0049 | ba80 5797 | b1fc 7f00 | 0041 803a | 000f 844c | 0000 0048 

  0x00000147976e9434: ;   {metadata({method} {0x00000147a7025018} 'defineClass1' '(Ljava/lang/ClassLoader;Ljava/lang/String;[BIILjava/security/ProtectionDomain;Ljava/lang/String;)Ljava/lang/Class;' in 'java/lang/ClassLoader')}
  0x00000147976e9434: 8945 f848 | ba10 5002 | a747 0100 | 0049 8bcf | 4883 ec20 | 40f6 c40f | 0f84 1900 | 0000 4883 
  0x00000147976e9454: ;   {runtime_call}
  0x00000147976e9454: ec08 48b8 | 5077 51b1 | fc7f 0000 | ffd0 4883 | c408 e90c 

  0x00000147976e9468: ;   {runtime_call}
  0x00000147976e9468: 0000 0048 | b850 7751 | b1fc 7f00 | 00ff d048 | 83c4 2048 | 8b45 f849 | c787 9803 | 0000 0000 
  0x00000147976e9488: 0000 49c7 | 87a0 0300 | 0000 0000 | 00c5 f877 | 4885 c00f | 84fe 0200 | 00a8 030f | 8508 0000 
  0x00000147976e94a8: 0048 8b00 | e9ee 0200 | 00a8 010f | 8509 0000 | 0048 8b40 | fee9 dd02 | 0000 488b | 40ff 4180 
  0x00000147976e94c8: 7f40 000f | 84ce 0200 | 0048 83f8 | 000f 84c4 | 0200 0049 | 8b4f 2848 | 83f9 000f | 8414 0000 
  0x00000147976e94e8: 0048 83e9 | 0849 894f | 2849 034f | 3848 8901 | e9a2 0200 | 0048 81ec | 5001 0000 | 4889 0424 
  0x00000147976e9508: 4889 4c24 | 0848 8954 | 2410 4889 | 7424 1848 | 897c 2420 | 4c89 4424 | 284c 894c | 2430 4c89 
  0x00000147976e9528: 5424 384c | 895c 2440 | c5fb 1144 | 2450 c5fb | 114c 2458 | c5fb 1154 | 2460 c5fb | 115c 2468 
  0x00000147976e9548: c5fb 1164 | 2470 c5fb | 116c 2478 | c5fb 11b4 | 2480 0000 | 00c5 fb11 | bc24 8800 | 0000 c57b 
  0x00000147976e9568: ;   {no_reloc}
  0x00000147976e9568: 1184 2490 | 0000 00c5 | 7b11 8c24 | 9800 0000 | c57b 1194 | 24a0 0000 | 00c5 7b11 | 9c24 a800 
  0x00000147976e9588: 0000 c57b | 11a4 24b0 | 0000 00c5 | 7b11 ac24 | b800 0000 | c57b 11b4 | 24c0 0000 | 00c5 7b11 
  0x00000147976e95a8: bc24 c800 | 0000 62e1 | ff08 1144 | 241a 62e1 | ff08 114c | 241b 62e1 | ff08 1154 | 241c 62e1 
  0x00000147976e95c8: ff08 115c | 241d 62e1 | ff08 1164 | 241e 62e1 | ff08 116c | 241f 62e1 | ff08 1174 | 2420 62e1 
  0x00000147976e95e8: ff08 117c | 2421 6261 | ff08 1144 | 2422 6261 | ff08 114c | 2423 6261 | ff08 1154 | 2424 6261 
  0x00000147976e9608: ff08 115c | 2425 6261 | ff08 1164 | 2426 6261 | ff08 116c | 2427 6261 | ff08 1174 | 2428 6261 
  0x00000147976e9628: ff08 117c | 2429 498b | d748 8bc8 | 4883 ec20 | 40f6 c40f | 0f84 1900 | 0000 4883 

  0x00000147976e9644: ;   {runtime_call}
  0x00000147976e9644: ec08 48b8 | 70ee 0fb1 | fc7f 0000 | ffd0 4883 | c408 e90c 

  0x00000147976e9658: ;   {runtime_call}
  0x00000147976e9658: 0000 0048 | b870 ee0f | b1fc 7f00 | 00ff d048 | 83c4 2062 | 61ff 0810 | 7c24 2962 | 61ff 0810 
  0x00000147976e9678: 7424 2862 | 61ff 0810 | 6c24 2762 | 61ff 0810 | 6424 2662 | 61ff 0810 | 5c24 2562 | 61ff 0810 
  0x00000147976e9698: 5424 2462 | 61ff 0810 | 4c24 2362 | 61ff 0810 | 4424 2262 | e1ff 0810 | 7c24 2162 | e1ff 0810 
  0x00000147976e96b8: 7424 2062 | e1ff 0810 | 6c24 1f62 | e1ff 0810 | 6424 1e62 | e1ff 0810 | 5c24 1d62 | e1ff 0810 
  0x00000147976e96d8: 5424 1c62 | e1ff 0810 | 4c24 1b62 | e1ff 0810 | 4424 1ac5 | 7b10 bc24 | c800 0000 | c57b 10b4 
  0x00000147976e96f8: 24c0 0000 | 00c5 7b10 | ac24 b800 | 0000 c57b | 10a4 24b0 | 0000 00c5 | 7b10 9c24 | a800 0000 
  0x00000147976e9718: c57b 1094 | 24a0 0000 | 00c5 7b10 | 8c24 9800 | 0000 c57b | 1084 2490 | 0000 00c5 | fb10 bc24 
  0x00000147976e9738: 8800 0000 | c5fb 10b4 | 2480 0000 | 00c5 fb10 | 6c24 78c5 | fb10 6424 | 70c5 fb10 | 5c24 68c5 
  0x00000147976e9758: ;   {no_reloc}
  0x00000147976e9758: fb10 5424 | 60c5 fb10 | 4c24 58c5 | fb10 4424 | 504c 8b5c | 2440 4c8b | 5424 384c | 8b4c 2430 
  0x00000147976e9778: 4c8b 4424 | 2848 8b7c | 2420 488b | 7424 1848 | 8b54 2410 | 488b 4c24 | 0848 8b04 | 2448 81c4 
  0x00000147976e9798: 5001 0000 | c5f8 7749 | 8b8f 2804 | 0000 c781 | 0001 0000 | 0000 0000 | c949 837f | 0800 0f85 
  0x00000147976e97b8: 0100 0000 

  0x00000147976e97bc: ;   {runtime_call StubRoutines (initial stubs)}
  0x00000147976e97bc: c3e9 3e77 | a4ff c5f8 | 7748 8945 | f84c 8be4 | 4883 ec20 | 4883 e4f0 

  0x00000147976e97d4: ;   {runtime_call}
  0x00000147976e97d4: 48b8 f0ae | 51b1 fc7f | 0000 ffd0 | 498b e44d | 33e4 488b | 45f8 e930 | fcff fff4 
[/MachCode]


Compiled method (c1) 8387  562   !   3       jdk.internal.loader.BuiltinClassLoader::findClassOnClassPathOrNull (64 bytes)
 total in heap  [0x000001478fccc190,0x000001478fcce0a0] = 7952
 relocation     [0x000001478fccc2f0,0x000001478fccc510] = 544
 main code      [0x000001478fccc520,0x000001478fccd868] = 4936
 stub code      [0x000001478fccd868,0x000001478fccd918] = 176
 oops           [0x000001478fccd918,0x000001478fccd920] = 8
 metadata       [0x000001478fccd920,0x000001478fccd998] = 120
 scopes data    [0x000001478fccd998,0x000001478fccdd18] = 896
 scopes pcs     [0x000001478fccdd18,0x000001478fcce038] = 800
 dependencies   [0x000001478fcce038,0x000001478fcce058] = 32
 handler table  [0x000001478fcce058,0x000001478fcce070] = 24
 nul chk table  [0x000001478fcce070,0x000001478fcce0a0] = 48

[Constant Pool (empty)]

[MachCode]
[Entry Point]
  # {method} {0x00000147a7101e28} 'findClassOnClassPathOrNull' '(Ljava/lang/String;)Ljava/lang/Class;' in 'jdk/internal/loader/BuiltinClassLoader'
  # this:     rdx:rdx   = 'jdk/internal/loader/BuiltinClassLoader'
  # parm0:    r8:r8     = 'java/lang/String'
  #           [sp+0x120]  (sp of caller)
  0x000001478fccc520: 448b 5208 | 49bb 0000 | 0000 0800 | 0000 4d03 | d34c 3bd0 

  0x000001478fccc534: ;   {runtime_call ic_miss_stub}
  0x000001478fccc534: 0f85 4624 | 4b07 660f | 1f44 0000 
[Verified Entry Point]
  0x000001478fccc540: 8984 2400 | 80ff ff55 | 4881 ec10 | 0100 0090 | 4181 7f20 | 0100 0000 

  0x000001478fccc558: ;   {runtime_call StubRoutines (final stubs)}
  0x000001478fccc558: 7405 e861 | e549 0748 | 8994 24c0 | 0000 004c | 8984 24c8 

  0x000001478fccc56c: ;   {metadata(method data for {method} {0x00000147a7101e28} 'findClassOnClassPathOrNull' '(Ljava/lang/String;)Ljava/lang/Class;' in 'jdk/internal/loader/BuiltinClassLoader')}
  0x000001478fccc56c: 0000 0049 | b998 9b74 | a747 0100 | 0041 8bb1 | cc00 0000 | 83c6 0241 | 89b1 cc00 | 0000 81e6 
  0x000001478fccc58c: fe07 0000 | 85f6 0f84 | c10e 0000 

  0x000001478fccc598: ; implicit exception: dispatches to 0x000001478fccd47a
  0x000001478fccc598: 493b 004d 

  0x000001478fccc59c: ;   {metadata(method data for {method} {0x00000147a7101e28} 'findClassOnClassPathOrNull' '(Ljava/lang/String;)Ljava/lang/Class;' in 'jdk/internal/loader/BuiltinClassLoader')}
  0x000001478fccc59c: 8bc8 48be | 989b 74a7 | 4701 0000 | 4883 8610 | 0100 0001 | 498b f041 | b82e 0000 | 0041 b92f 
  0x000001478fccc5bc: 0000 0048 | 8bd6 0f1f 

  0x000001478fccc5c4: ;   {optimized virtual_call}
  0x000001478fccc5c4: 4400 00e8 

  0x000001478fccc5c8: ; ImmutableOopMap {[192]=Oop [200]=Oop }
                      ;*invokevirtual replace {reexecute=0 rethrow=0 return_oop=0}
                      ; - jdk.internal.loader.BuiltinClassLoader::findClassOnClassPathOrNull@5
  0x000001478fccc5c8: b403 f8ff 

  0x000001478fccc5cc: ;   {other}
  0x000001478fccc5cc: 0f1f 8400 | 3c04 0000 

  0x000001478fccc5d4: ; implicit exception: dispatches to 0x000001478fccd47f
  0x000001478fccc5d4: 483b 0048 

  0x000001478fccc5d8: ;   {metadata(method data for {method} {0x00000147a7101e28} 'findClassOnClassPathOrNull' '(Ljava/lang/String;)Ljava/lang/Class;' in 'jdk/internal/loader/BuiltinClassLoader')}
  0x000001478fccc5d8: 8bd0 48be | 989b 74a7 | 4701 0000 | 4883 8648 | 0100 0001 

  0x000001478fccc5ec: ;   {metadata(method data for {method} {0x00000147a700c1b0} 'concat' '(Ljava/lang/String;)Ljava/lang/String;' in 'java/lang/String')}
  0x000001478fccc5ec: 48ba 18ee | 73a7 4701 | 0000 8bb2 | cc00 0000 | 83c6 0289 | b2cc 0000 | 0081 e6fe | ff1f 0085 
  0x000001478fccc60c: f60f 8471 

  0x000001478fccc610: ;   {oop(".class"{0x00000007147db358})}
  0x000001478fccc610: 0e00 0048 | ba58 b37d | 1407 0000 

  0x000001478fccc61c: ;   {metadata(method data for {method} {0x00000147a700c1b0} 'concat' '(Ljava/lang/String;)Ljava/lang/String;' in 'java/lang/String')}
  0x000001478fccc61c: 0048 be18 | ee73 a747 | 0100 0048 | 8386 1001 

  0x000001478fccc62c: ;   {metadata(method data for {method} {0x00000147a7009de8} 'isEmpty' '()Z' in 'java/lang/String')}
  0x000001478fccc62c: 0000 0148 | ba28 ca48 | a747 0100 | 008b b2cc | 0000 0083 | c602 89b2 | cc00 0000 | 81e6 feff 
  0x000001478fccc64c: 1f00 85f6 | 0f84 4f0e 

  0x000001478fccc654: ;   {metadata(method data for {method} {0x00000147a7009de8} 'isEmpty' '()Z' in 'java/lang/String')}
  0x000001478fccc654: 0000 48ba | 28ca 48a7 | 4701 0000 | ff82 1001 

  0x000001478fccc664: ;   {metadata(method data for {method} {0x00000147a700c1b0} 'concat' '(Ljava/lang/String;)Ljava/lang/String;' in 'java/lang/String')}
  0x000001478fccc664: 0000 48ba | 18ee 73a7 | 4701 0000 | ff82 4801 

  0x000001478fccc674: ;   {metadata(method data for {method} {0x00000147a700c1b0} 'concat' '(Ljava/lang/String;)Ljava/lang/String;' in 'java/lang/String')}
  0x000001478fccc674: 0000 48ba | 18ee 73a7 | 4701 0000 | 4883 8268 | 0100 0001 

  0x000001478fccc688: ;   {metadata(method data for {method} {0x00000147a71c3ec8} 'simpleConcat' '(Ljava/lang/Object;Ljava/lang/Object;)Ljava/lang/String;' in 'java/lang/StringConcatHelper')}
  0x000001478fccc688: 48ba d8ef | 73a7 4701 | 0000 8bb2 | cc00 0000 | 83c6 0289 | b2cc 0000 | 0081 e6fe | ff1f 0085 
  0x000001478fccc6a8: f60f 8417 

  0x000001478fccc6ac: ;   {metadata(method data for {method} {0x00000147a71c3ec8} 'simpleConcat' '(Ljava/lang/Object;Ljava/lang/Object;)Ljava/lang/String;' in 'java/lang/StringConcatHelper')}
  0x000001478fccc6ac: 0e00 0048 | bad8 ef73 | a747 0100 | 0048 8382 | 1001 0000 

  0x000001478fccc6c0: ;   {metadata(method data for {method} {0x00000147a71c4080} 'stringOf' '(Ljava/lang/Object;)Ljava/lang/String;' in 'java/lang/StringConcatHelper')}
  0x000001478fccc6c0: 0148 bae0 | 4656 a747 | 0100 008b | b2cc 0000 | 0083 c602 | 89b2 cc00 | 0000 81e6 | feff 1f00 
  0x000001478fccc6e0: 85f6 0f84 | ff0d 0000 

  0x000001478fccc6e8: ;   {metadata(method data for {method} {0x00000147a71c4080} 'stringOf' '(Ljava/lang/Object;)Ljava/lang/String;' in 'java/lang/StringConcatHelper')}
  0x000001478fccc6e8: 4885 c048 | bae0 4656 | a747 0100 | 0048 c7c6 | 1001 0000 | 7407 48c7 | c620 0100 | 0048 8b3c 
  0x000001478fccc708: 3248 8d7f | 0148 893c | 320f 846b | 0000 0048 

  0x000001478fccc718: ;   {metadata(method data for {method} {0x00000147a71c4080} 'stringOf' '(Ljava/lang/Object;)Ljava/lang/String;' in 'java/lang/StringConcatHelper')}
  0x000001478fccc718: 8bd0 48be | e046 56a7 | 4701 0000 | 4883 8630 | 0100 0001 

  0x000001478fccc72c: ;   {metadata(method data for {method} {0x00000147a700e340} 'toString' '()Ljava/lang/String;' in 'java/lang/String')}
  0x000001478fccc72c: 48ba d83c | 5da7 4701 | 0000 8bb2 | cc00 0000 | 83c6 0289 | b2cc 0000 | 0081 e6fe | ff1f 0085 
  0x000001478fccc74c: f60f 84b5 | 0d00 0048 

  0x000001478fccc754: ;   {metadata(method data for {method} {0x00000147a71c4080} 'stringOf' '(Ljava/lang/Object;)Ljava/lang/String;' in 'java/lang/StringConcatHelper')}
  0x000001478fccc754: 85c0 48ba | e046 56a7 | 4701 0000 | 48c7 c668 | 0100 0075 | 0748 c7c6 | 7801 0000 | 488b 3c32 
  0x000001478fccc774: 488d 7f01 | 4889 3c32 | 0f85 1a00 

  0x000001478fccc780: ;   {metadata(method data for {method} {0x00000147a71c4080} 'stringOf' '(Ljava/lang/Object;)Ljava/lang/String;' in 'java/lang/StringConcatHelper')}
  0x000001478fccc780: 0000 48ba | e046 56a7 | 4701 0000 | ff82 8801 

  0x000001478fccc790: ;   {oop("null"{0x0000000714606318})}
  0x000001478fccc790: 0000 48b8 | 1863 6014 | 0700 0000 

  0x000001478fccc79c: ;   {metadata(method data for {method} {0x00000147a71c3ec8} 'simpleConcat' '(Ljava/lang/Object;Ljava/lang/Object;)Ljava/lang/String;' in 'java/lang/StringConcatHelper')}
  0x000001478fccc79c: 48ba d8ef | 73a7 4701 | 0000 4883 | 8220 0100 

  0x000001478fccc7ac: ;   {metadata(method data for {method} {0x00000147a71c4080} 'stringOf' '(Ljava/lang/Object;)Ljava/lang/String;' in 'java/lang/StringConcatHelper')}
  0x000001478fccc7ac: 0001 48ba | e046 56a7 | 4701 0000 | 8bb2 cc00 | 0000 83c6 | 0289 b2cc | 0000 0081 | e6fe ff1f 
  0x000001478fccc7cc: 0085 f60f | 8454 0d00 

  0x000001478fccc7d4: ;   {metadata(method data for {method} {0x00000147a71c4080} 'stringOf' '(Ljava/lang/Object;)Ljava/lang/String;' in 'java/lang/StringConcatHelper')}
  0x000001478fccc7d4: 0048 bae0 | 4656 a747 | 0100 00ff | 8220 0100 

  0x000001478fccc7e4: ;   {oop(".class"{0x00000007147db358})}
  0x000001478fccc7e4: 0048 ba58 | b37d 1407 

  0x000001478fccc7ec: ;   {metadata(method data for {method} {0x00000147a71c4080} 'stringOf' '(Ljava/lang/Object;)Ljava/lang/String;' in 'java/lang/StringConcatHelper')}
  0x000001478fccc7ec: 0000 0048 | bee0 4656 | a747 0100 | 0048 8386 | 3001 0000 

  0x000001478fccc800: ;   {metadata(method data for {method} {0x00000147a700e340} 'toString' '()Ljava/lang/String;' in 'java/lang/String')}
  0x000001478fccc800: 0148 bad8 | 3c5d a747 | 0100 008b | b2cc 0000 | 0083 c602 | 89b2 cc00 | 0000 81e6 | feff 1f00 
  0x000001478fccc820: 85f6 0f84 | 220d 0000 

  0x000001478fccc828: ;   {metadata(method data for {method} {0x00000147a71c4080} 'stringOf' '(Ljava/lang/Object;)Ljava/lang/String;' in 'java/lang/StringConcatHelper')}
  0x000001478fccc828: 48ba e046 | 56a7 4701 | 0000 ff82 | 6801 0000 

  0x000001478fccc838: ; implicit exception: dispatches to 0x000001478fccd56b
  0x000001478fccc838: 483b 0048 

  0x000001478fccc83c: ;   {metadata(method data for {method} {0x00000147a71c3ec8} 'simpleConcat' '(Ljava/lang/Object;Ljava/lang/Object;)Ljava/lang/String;' in 'java/lang/StringConcatHelper')}
  0x000001478fccc83c: 8bd0 48be | d8ef 73a7 | 4701 0000 | 4883 8630 | 0100 0001 

  0x000001478fccc850: ;   {metadata(method data for {method} {0x00000147a7009de8} 'isEmpty' '()Z' in 'java/lang/String')}
  0x000001478fccc850: 48ba 28ca | 48a7 4701 | 0000 8bb2 | cc00 0000 | 83c6 0289 | b2cc 0000 | 0081 e6fe | ff1f 0085 
  0x000001478fccc870: f60f 84f9 | 0c00 008b | 5014 48c1 | e203 8b72 

  0x000001478fccc880: ;   {metadata(method data for {method} {0x00000147a7009de8} 'isEmpty' '()Z' in 'java/lang/String')}
  0x000001478fccc880: 0c85 f648 | ba28 ca48 | a747 0100 | 0048 c7c7 | 1001 0000 | 7507 48c7 | c720 0100 | 0048 8b0c 
  0x000001478fccc8a0: 3a48 8d49 | 0148 890c | 3a0f 851a 

  0x000001478fccc8ac: ;   {metadata(method data for {method} {0x00000147a7009de8} 'isEmpty' '()Z' in 'java/lang/String')}
  0x000001478fccc8ac: 0000 0048 | ba28 ca48 | a747 0100 | 00ff 8230 | 0100 00ba | 0100 0000 | e905 0000 | 00ba 0000 
  0x000001478fccc8cc: 0000 83e2 

  0x000001478fccc8d0: ;   {metadata(method data for {method} {0x00000147a71c3ec8} 'simpleConcat' '(Ljava/lang/Object;Ljava/lang/Object;)Ljava/lang/String;' in 'java/lang/StringConcatHelper')}
  0x000001478fccc8d0: 0185 d248 | bad8 ef73 | a747 0100 | 0048 c7c7 | 6801 0000 | 7407 48c7 | c778 0100 | 0048 8b0c 
  0x000001478fccc8f0: 3a48 8d49 | 0148 890c | 3a0f 849a 

  0x000001478fccc8fc: ;   {metadata('java/lang/String')}
  0x000001478fccc8fc: 0000 0048 | bab0 1e04 | 0008 0000 | 0049 8b87 | b801 0000 | 488d 7818 | 493b bfc8 | 0100 000f 
  0x000001478fccc91c: 8775 0c00 | 0049 89bf | b801 0000 | 48c7 0001 | 0000 0048 | 8bca 49ba | 0000 0000 | 0800 0000 
  0x000001478fccc93c: 492b ca89 | 4808 4833 | c989 480c | 4833 c948 | 8948 104c 

  0x000001478fccc950: ;   {metadata(method data for {method} {0x00000147a71c3ec8} 'simpleConcat' '(Ljava/lang/Object;Ljava/lang/Object;)Ljava/lang/String;' in 'java/lang/StringConcatHelper')}
  0x000001478fccc950: 8bc0 48ba | d8ef 73a7 | 4701 0000 | 4883 8288 | 0100 0001 

  0x000001478fccc964: ;   {oop(".class"{0x00000007147db358})}
  0x000001478fccc964: 49b8 58b3 | 7d14 0700 | 0000 488b | d048 8984 | 24d0 0000 | 0066 0f1f 

  0x000001478fccc97c: ;   {optimized virtual_call}
  0x000001478fccc97c: 4400 00e8 

  0x000001478fccc980: ; ImmutableOopMap {[192]=Oop [200]=Oop [208]=Oop }
                      ;*invokespecial <init> {reexecute=0 rethrow=0 return_oop=0}
                      ; - java.lang.StringConcatHelper::simpleConcat@22
                      ; - java.lang.String::concat@11
                      ; - jdk.internal.loader.BuiltinClassLoader::findClassOnClassPathOrNull@10
  0x000001478fccc980: fc24 4b07 

  0x000001478fccc984: ;   {other}
  0x000001478fccc984: 0f1f 8400 | f407 0001 | 488b 8424 | d000 0000 | e90b 0700 

  0x000001478fccc998: ;   {oop(".class"{0x00000007147db358})}
  0x000001478fccc998: 0048 b958 | b37d 1407 

  0x000001478fccc9a0: ;   {metadata(method data for {method} {0x00000147a71c3ec8} 'simpleConcat' '(Ljava/lang/Object;Ljava/lang/Object;)Ljava/lang/String;' in 'java/lang/StringConcatHelper')}
  0x000001478fccc9a0: 0000 0049 | b8d8 ef73 | a747 0100 | 0049 8380 | 9801 0000 

  0x000001478fccc9b4: ;   {metadata(method data for {method} {0x00000147a7009de8} 'isEmpty' '()Z' in 'java/lang/String')}
  0x000001478fccc9b4: 0148 b928 | ca48 a747 | 0100 0044 | 8b81 cc00 | 0000 4183 | c002 4489 | 81cc 0000 | 0041 81e0 
  0x000001478fccc9d4: feff 1f00 | 4585 c00f | 84c2 0b00 

  0x000001478fccc9e0: ;   {metadata(method data for {method} {0x00000147a7009de8} 'isEmpty' '()Z' in 'java/lang/String')}
  0x000001478fccc9e0: 0048 b928 | ca48 a747 | 0100 00ff | 8110 0100 

  0x000001478fccc9f0: ;   {metadata(method data for {method} {0x00000147a71c3ec8} 'simpleConcat' '(Ljava/lang/Object;Ljava/lang/Object;)Ljava/lang/String;' in 'java/lang/StringConcatHelper')}
  0x000001478fccc9f0: 0048 b9d8 | ef73 a747 | 0100 00ff | 81d0 0100 

  0x000001478fccca00: ;   {metadata(method data for {method} {0x00000147a71c3ec8} 'simpleConcat' '(Ljava/lang/Object;Ljava/lang/Object;)Ljava/lang/String;' in 'java/lang/StringConcatHelper')}
  0x000001478fccca00: 0048 b9d8 | ef73 a747 | 0100 0048 | 8381 0002 

  0x000001478fccca10: ;   {metadata(method data for {method} {0x00000147a71c4348} 'initialCoder' '()J' in 'java/lang/StringConcatHelper')}
  0x000001478fccca10: 0000 0148 | b9b0 ec73 | a747 0100 | 0044 8b81 | cc00 0000 | 4183 c002 | 4489 81cc | 0000 0041 
  0x000001478fccca30: 81e0 feff | 1f00 4585 | c00f 8485 

  0x000001478fccca3c: ;   {metadata(method data for {method} {0x00000147a71c4348} 'initialCoder' '()J' in 'java/lang/StringConcatHelper')}
  0x000001478fccca3c: 0b00 0048 | b9b0 ec73 | a747 0100 | 00ff 8120 

  0x000001478fccca4c: ;   {metadata(method data for {method} {0x00000147a71c4348} 'initialCoder' '()J' in 'java/lang/StringConcatHelper')}
  0x000001478fccca4c: 0100 0048 | b9b0 ec73 | a747 0100 | 00ff 8130 

  0x000001478fccca5c: ;   {metadata(method data for {method} {0x00000147a71c3ec8} 'simpleConcat' '(Ljava/lang/Object;Ljava/lang/Object;)Ljava/lang/String;' in 'java/lang/StringConcatHelper')}
  0x000001478fccca5c: 0100 0048 | b9d8 ef73 | a747 0100 | 0048 8381 | 1002 0000 

  0x000001478fccca70: ;   {metadata(method data for {method} {0x00000147a71c3110} 'mix' '(JLjava/lang/String;)J' in 'java/lang/StringConcatHelper')}
  0x000001478fccca70: 0148 b9c0 | 4856 a747 | 0100 0044 | 8b81 cc00 | 0000 4183 | c002 4489 | 81cc 0000 | 0041 81e0 
  0x000001478fccca90: feff 1f00 | 4585 c00f | 8448 0b00 | 0048 8bc8 

  0x000001478fcccaa0: ;   {metadata(method data for {method} {0x00000147a71c3110} 'mix' '(JLjava/lang/String;)J' in 'java/lang/StringConcatHelper')}
  0x000001478fcccaa0: 49b8 c048 | 56a7 4701 | 0000 4983 | 8010 0100 

  0x000001478fcccab0: ;   {metadata(method data for {method} {0x00000147a7009d30} 'length' '()I' in 'java/lang/String')}
  0x000001478fcccab0: 0001 48b9 | 407a 32a7 | 4701 0000 | 448b 81cc | 0000 0041 | 83c0 0244 | 8981 cc00 | 0000 4181 
  0x000001478fcccad0: e0fe ff1f | 0045 85c0 | 0f84 280b | 0000 488b 

  0x000001478fcccae0: ;   {metadata(method data for {method} {0x00000147a7009d30} 'length' '()I' in 'java/lang/String')}
  0x000001478fcccae0: c849 b840 | 7a32 a747 | 0100 0049 | 8380 1001 

  0x000001478fcccaf0: ;   {metadata(method data for {method} {0x00000147a700f8a0} 'coder' '()B' in 'java/lang/String')}
  0x000001478fcccaf0: 0000 0148 | b9c8 7832 | a747 0100 | 0044 8b81 | cc00 0000 | 4183 c002 | 4489 81cc | 0000 0041 
  0x000001478fcccb10: 81e0 feff | 1f00 4585 | c00f 8408 

  0x000001478fcccb1c: ;   {metadata(method data for {method} {0x00000147a700f8a0} 'coder' '()B' in 'java/lang/String')}
  0x000001478fcccb1c: 0b00 0048 | b9c8 7832 | a747 0100 | 00ff 8120 | 0100 000f 

  0x000001478fcccb30: ;   {metadata(method data for {method} {0x00000147a700f8a0} 'coder' '()B' in 'java/lang/String')}
  0x000001478fcccb30: be48 1049 | b8c8 7832 | a747 0100 | 0041 ff80 | 3001 0000 | c1e1 184c | 8bc1 41c1 | f818 498b 
  0x000001478fcccb50: c8d3 fe48 | 63f6 488b 

  0x000001478fcccb58: ;   {metadata(method data for {method} {0x00000147a71c3110} 'mix' '(JLjava/lang/String;)J' in 'java/lang/StringConcatHelper')}
  0x000001478fcccb58: c849 b9c0 | 4856 a747 | 0100 0049 | 8381 4801 

  0x000001478fcccb68: ;   {metadata(method data for {method} {0x00000147a700f8a0} 'coder' '()B' in 'java/lang/String')}
  0x000001478fcccb68: 0000 0148 | b9c8 7832 | a747 0100 | 0044 8b89 | cc00 0000 | 4183 c102 | 4489 89cc | 0000 0041 
  0x000001478fcccb88: 81e1 feff | 1f00 4585 | c90f 84b1 

  0x000001478fcccb94: ;   {metadata(method data for {method} {0x00000147a700f8a0} 'coder' '()B' in 'java/lang/String')}
  0x000001478fcccb94: 0a00 0048 | b9c8 7832 | a747 0100 | 00ff 8120 

  0x000001478fcccba4: ;   {metadata(method data for {method} {0x00000147a700f8a0} 'coder' '()B' in 'java/lang/String')}
  0x000001478fcccba4: 0100 0048 | b9c8 7832 | a747 0100 | 00ff 8130 | 0100 0041 

  0x000001478fcccbb8: ;   {metadata(method data for {method} {0x00000147a71c3110} 'mix' '(JLjava/lang/String;)J' in 'java/lang/StringConcatHelper')}
  0x000001478fcccbb8: 83f8 0148 | b9c0 4856 | a747 0100 | 0049 c7c0 | 8001 0000 | 7507 49c7 | c090 0100 | 004e 8b0c 
  0x000001478fcccbd8: 014d 8d49 | 014e 890c | 010f 850d | 0000 0049 | ba00 0000 | 0001 0000 | 0049 0bf2 

  0x000001478fcccbf4: ;   {metadata(method data for {method} {0x00000147a71c3110} 'mix' '(JLjava/lang/String;)J' in 'java/lang/StringConcatHelper')}
  0x000001478fcccbf4: 48b9 c048 | 56a7 4701 | 0000 4883 | 81a0 0100 

  0x000001478fcccc04: ;   {metadata(method data for {method} {0x00000147a71c2d40} 'checkOverflow' '(J)J' in 'java/lang/StringConcatHelper')}
  0x000001478fcccc04: 0001 48b9 | c04a 56a7 | 4701 0000 | 448b 81cc | 0000 0041 | 83c0 0244 | 8981 cc00 | 0000 4181 
  0x000001478fcccc24: e0fe ff1f | 0045 85c0 | 0f84 370a | 0000 8bce 

  0x000001478fcccc34: ;   {metadata(method data for {method} {0x00000147a71c2d40} 'checkOverflow' '(J)J' in 'java/lang/StringConcatHelper')}
  0x000001478fcccc34: 85c9 48b9 | c04a 56a7 | 4701 0000 | 49c7 c010 | 0100 007c | 0749 c7c0 | 2001 0000 | 4e8b 0c01 
  0x000001478fcccc54: 4d8d 4901 | 4e89 0c01 | 0f8c 4707 

  0x000001478fcccc60: ;   {metadata(method data for {method} {0x00000147a71c3ec8} 'simpleConcat' '(Ljava/lang/Object;Ljava/lang/Object;)Ljava/lang/String;' in 'java/lang/StringConcatHelper')}
  0x000001478fcccc60: 0000 48b9 | d8ef 73a7 | 4701 0000 | 4883 8120 | 0200 0001 

  0x000001478fcccc74: ;   {metadata(method data for {method} {0x00000147a71c3110} 'mix' '(JLjava/lang/String;)J' in 'java/lang/StringConcatHelper')}
  0x000001478fcccc74: 48b9 c048 | 56a7 4701 | 0000 448b | 81cc 0000 | 0041 83c0 | 0244 8981 | cc00 0000 | 4181 e0fe 
  0x000001478fcccc94: ff1f 0045 | 85c0 0f84 | ea09 0000 

  0x000001478fcccca0: ;   {oop(".class"{0x00000007147db358})}
  0x000001478fcccca0: 48b9 58b3 | 7d14 0700 | 0000 4c8b 

  0x000001478fccccac: ;   {metadata(method data for {method} {0x00000147a71c3110} 'mix' '(JLjava/lang/String;)J' in 'java/lang/StringConcatHelper')}
  0x000001478fccccac: c149 b9c0 | 4856 a747 | 0100 0049 | 8381 1001 

  0x000001478fccccbc: ;   {metadata(method data for {method} {0x00000147a7009d30} 'length' '()I' in 'java/lang/String')}
  0x000001478fccccbc: 0000 0149 | b840 7a32 | a747 0100 | 0045 8b88 | cc00 0000 | 4183 c102 | 4589 88cc | 0000 0041 
  0x000001478fccccdc: 81e1 feff | 1f00 4585 | c90f 84c0 

  0x000001478fcccce8: ;   {metadata(method data for {method} {0x00000147a7009d30} 'length' '()I' in 'java/lang/String')}
  0x000001478fcccce8: 0900 0049 | b840 7a32 | a747 0100 | 0049 8380 | 1001 0000 

  0x000001478fccccfc: ;   {metadata(method data for {method} {0x00000147a700f8a0} 'coder' '()B' in 'java/lang/String')}
  0x000001478fccccfc: 0148 b9c8 | 7832 a747 | 0100 0044 | 8b81 cc00 | 0000 4183 | c002 4489 | 81cc 0000 | 0041 81e0 
  0x000001478fcccd1c: feff 1f00 | 4585 c00f | 84a3 0900 

  0x000001478fcccd28: ;   {metadata(method data for {method} {0x00000147a700f8a0} 'coder' '()B' in 'java/lang/String')}
  0x000001478fcccd28: 0048 b9c8 | 7832 a747 | 0100 00ff | 8120 0100 

  0x000001478fcccd38: ;   {metadata(method data for {method} {0x00000147a700f8a0} 'coder' '()B' in 'java/lang/String')}
  0x000001478fcccd38: 0048 b9c8 | 7832 a747 | 0100 00ff | 8130 0100 | 0049 c7c2 | 0600 0000 | 4903 f248 | 89b4 24d8 
  0x000001478fcccd58: ;   {oop(".class"{0x00000007147db358})}
  0x000001478fcccd58: 0000 0048 | b958 b37d | 1407 0000 

  0x000001478fcccd64: ;   {metadata(method data for {method} {0x00000147a71c3110} 'mix' '(JLjava/lang/String;)J' in 'java/lang/StringConcatHelper')}
  0x000001478fcccd64: 0049 b8c0 | 4856 a747 | 0100 0049 | 8380 4801 

  0x000001478fcccd74: ;   {metadata(method data for {method} {0x00000147a700f8a0} 'coder' '()B' in 'java/lang/String')}
  0x000001478fcccd74: 0000 0148 | b9c8 7832 | a747 0100 | 0044 8b81 | cc00 0000 | 4183 c002 | 4489 81cc | 0000 0041 
  0x000001478fcccd94: 81e0 feff | 1f00 4585 | c00f 844a 

  0x000001478fcccda0: ;   {metadata(method data for {method} {0x00000147a700f8a0} 'coder' '()B' in 'java/lang/String')}
  0x000001478fcccda0: 0900 0048 | b9c8 7832 | a747 0100 | 00ff 8120 

  0x000001478fcccdb0: ;   {metadata(method data for {method} {0x00000147a700f8a0} 'coder' '()B' in 'java/lang/String')}
  0x000001478fcccdb0: 0100 0048 | b9c8 7832 | a747 0100 | 00ff 8130 

  0x000001478fcccdc0: ;   {metadata(method data for {method} {0x00000147a71c3110} 'mix' '(JLjava/lang/String;)J' in 'java/lang/StringConcatHelper')}
  0x000001478fcccdc0: 0100 0048 | b9c0 4856 | a747 0100 | 00ff 8180 

  0x000001478fcccdd0: ;   {metadata(method data for {method} {0x00000147a71c3110} 'mix' '(JLjava/lang/String;)J' in 'java/lang/StringConcatHelper')}
  0x000001478fcccdd0: 0100 0048 | b9c0 4856 | a747 0100 | 0048 8381 | a001 0000 

  0x000001478fcccde4: ;   {metadata(method data for {method} {0x00000147a71c2d40} 'checkOverflow' '(J)J' in 'java/lang/StringConcatHelper')}
  0x000001478fcccde4: 0148 b9c0 | 4a56 a747 | 0100 0044 | 8b81 cc00 | 0000 4183 | c002 4489 | 81cc 0000 | 0041 81e0 
  0x000001478fccce04: feff 1f00 | 4585 c00f | 84fd 0800 | 0044 8bc6 

  0x000001478fccce14: ;   {metadata(method data for {method} {0x00000147a71c2d40} 'checkOverflow' '(J)J' in 'java/lang/StringConcatHelper')}
  0x000001478fccce14: 4585 c048 | b9c0 4a56 | a747 0100 | 0049 c7c1 | 1001 0000 | 7c07 49c7 | c120 0100 | 004a 8b14 
  0x000001478fccce34: 0948 8d52 | 014a 8914 | 090f 8cb6 

  0x000001478fccce40: ;   {metadata(method data for {method} {0x00000147a71c3ec8} 'simpleConcat' '(Ljava/lang/Object;Ljava/lang/Object;)Ljava/lang/String;' in 'java/lang/StringConcatHelper')}
  0x000001478fccce40: 0400 0048 | b9d8 ef73 | a747 0100 | 0048 8381 | 3002 0000 

  0x000001478fccce54: ;   {metadata(method data for {method} {0x00000147a71c4270} 'newArray' '(J)[B' in 'java/lang/StringConcatHelper')}
  0x000001478fccce54: 0148 b928 | 2356 a747 | 0100 0044 | 8b89 cc00 | 0000 4183 | c102 4489 | 89cc 0000 | 0041 81e1 
  0x000001478fccce74: feff 1f00 | 4585 c90f | 84ae 0800 | 00b9 2000 | 0000 4c8b | ce49 d3f9 | 458b c945 | 0fbe c949 
  0x000001478fccce94: 8bc9 4d8b | c841 d3e1 

  0x000001478fccce9c: ;   {metadata(method data for {method} {0x00000147a71c4270} 'newArray' '(J)[B' in 'java/lang/StringConcatHelper')}
  0x000001478fccce9c: 4585 c949 | b828 2356 | a747 0100 | 0048 c7c2 | 2001 0000 | 7c07 48c7 | c210 0100 | 0049 8b3c 
  0x000001478fcccebc: 1048 8d7f | 0149 893c | 1048 8984 | 24e0 0000 | 000f 8c82 

  0x000001478fccced0: ;   {oop(a 'jdk/internal/misc/Unsafe'{0x000000071460c778})}
  0x000001478fccced0: 0300 0048 | ba78 c760 | 1407 0000 | 004c 8bc2 

  0x000001478fcccee0: ;   {metadata(method data for {method} {0x00000147a71c4270} 'newArray' '(J)[B' in 'java/lang/StringConcatHelper')}
  0x000001478fcccee0: 48bf 2823 | 56a7 4701 | 0000 4883 | 8740 0100 

  0x000001478fcccef0: ;   {oop(a 'java/lang/Class'{0x00000007146001c0} = byte)}
  0x000001478fcccef0: 0001 49b8 | c001 6014 | 0700 0000 

  0x000001478fcccefc: ;   {optimized virtual_call}
  0x000001478fcccefc: 6666 90e8 

  0x000001478fcccf00: ; ImmutableOopMap {[192]=Oop [200]=Oop [224]=Oop }
                      ;*invokevirtual allocateUninitializedArray {reexecute=0 rethrow=0 return_oop=0}
                      ; - java.lang.StringConcatHelper::newArray@33
                      ; - java.lang.StringConcatHelper::simpleConcat@61
                      ; - java.lang.String::concat@11
                      ; - jdk.internal.loader.BuiltinClassLoader::findClassOnClassPathOrNull@10
  0x000001478fcccf00: 1c2f f7ff 

  0x000001478fcccf04: ;   {other}
  0x000001478fcccf04: 0f1f 8400 | 740d 0002 | 4885 c075 

  0x000001478fcccf10: ;   {metadata(method data for {method} {0x00000147a71c4270} 'newArray' '(J)[B' in 'java/lang/StringConcatHelper')}
  0x000001478fcccf10: 1749 b828 | 2356 a747 | 0100 0041 | 8088 7101 | 0000 01e9 | cf00 0000 

  0x000001478fcccf28: ;   {metadata({type array byte})}
  0x000001478fcccf28: 49b9 280a | 0400 0800 | 0000 448b | 4008 49ba | 0000 0000 | 0800 0000 | 4d03 c24d | 3b48 380f 
  0x000001478fcccf48: 858e 0000 

  0x000001478fcccf4c: ;   {metadata(method data for {method} {0x00000147a71c4270} 'newArray' '(J)[B' in 'java/lang/StringConcatHelper')}
  0x000001478fcccf4c: 0049 b828 | 2356 a747 | 0100 0044 | 8b48 0849 | ba00 0000 | 0008 0000 | 004d 03ca | 4d3b 8888 
  0x000001478fcccf6c: 0100 0075 | 0d49 8380 | 9001 0000 | 01e9 7900 | 0000 4d3b | 8898 0100 | 0075 0d49 | 8380 a001 
  0x000001478fcccf8c: 0000 01e9 | 6300 0000 | 4983 b888 | 0100 0000 | 7517 4d89 | 8888 0100 | 0049 c780 | 9001 0000 
  0x000001478fcccfac: 0100 0000 | e942 0000 | 0049 83b8 | 9801 0000 | 0075 174d | 8988 9801 | 0000 49c7 | 80a0 0100 
  0x000001478fcccfcc: 0001 0000 | 00e9 2100 | 0000 e91c 

  0x000001478fcccfd8: ;   {metadata(method data for {method} {0x00000147a71c4270} 'newArray' '(J)[B' in 'java/lang/StringConcatHelper')}
  0x000001478fcccfd8: 0000 0049 | b828 2356 | a747 0100 | 0049 83a8 | 7801 0000 | 01e9 5e07 | 0000 e900 | 0000 0048 
  0x000001478fcccff8: ;   {metadata(method data for {method} {0x00000147a71c3ec8} 'simpleConcat' '(Ljava/lang/Object;Ljava/lang/Object;)Ljava/lang/String;' in 'java/lang/StringConcatHelper')}
  0x000001478fcccff8: 8bf0 48ba | d8ef 73a7 | 4701 0000 | 4883 8240 | 0200 0001 

  0x000001478fccd00c: ;   {oop(".class"{0x00000007147db358})}
  0x000001478fccd00c: 49b9 58b3 | 7d14 0700 | 0000 488b | 9424 d800 | 0000 4c8b | c648 89b4 | 24e8 0000 | 0066 0f1f 
  0x000001478fccd02c: ;   {static_call}
  0x000001478fccd02c: 4400 00e8 

  0x000001478fccd030: ; ImmutableOopMap {[192]=Oop [200]=Oop [224]=Oop [232]=Oop }
                      ;*invokestatic prepend {reexecute=0 rethrow=0 return_oop=0}
                      ; - java.lang.StringConcatHelper::simpleConcat@71
                      ; - java.lang.String::concat@11
                      ; - jdk.internal.loader.BuiltinClassLoader::findClassOnClassPathOrNull@10
  0x000001478fccd030: 2cdb f6ff 

  0x000001478fccd034: ;   {other}
  0x000001478fccd034: 0f1f 8400 | a40e 0003 

  0x000001478fccd03c: ;   {metadata(method data for {method} {0x00000147a71c3ec8} 'simpleConcat' '(Ljava/lang/Object;Ljava/lang/Object;)Ljava/lang/String;' in 'java/lang/StringConcatHelper')}
  0x000001478fccd03c: 48ba d8ef | 73a7 4701 | 0000 4883 | 8250 0200 | 0001 488b | d04c 8b84 | 24e8 0000 | 004c 8b8c 
  0x000001478fccd05c: 24e0 0000 | 0066 0f1f 

  0x000001478fccd064: ;   {static_call}
  0x000001478fccd064: 4400 00e8 

  0x000001478fccd068: ; ImmutableOopMap {[192]=Oop [200]=Oop [232]=Oop }
                      ;*invokestatic prepend {reexecute=0 rethrow=0 return_oop=0}
                      ; - java.lang.StringConcatHelper::simpleConcat@81
                      ; - java.lang.String::concat@11
                      ; - jdk.internal.loader.BuiltinClassLoader::findClassOnClassPathOrNull@10
  0x000001478fccd068: f4da f6ff 

  0x000001478fccd06c: ;   {other}
  0x000001478fccd06c: 0f1f 8400 | dc0e 0004 

  0x000001478fccd074: ;   {metadata(method data for {method} {0x00000147a71c3ec8} 'simpleConcat' '(Ljava/lang/Object;Ljava/lang/Object;)Ljava/lang/String;' in 'java/lang/StringConcatHelper')}
  0x000001478fccd074: 48ba d8ef | 73a7 4701 | 0000 4883 | 8260 0200 | 0001 488b | 9424 e800 | 0000 4c8b | c066 0f1f 
  0x000001478fccd094: ;   {static_call}
  0x000001478fccd094: 4400 00e8 

  0x000001478fccd098: ; ImmutableOopMap {[192]=Oop [200]=Oop }
                      ;*invokestatic newString {reexecute=0 rethrow=0 return_oop=0}
                      ; - java.lang.StringConcatHelper::simpleConcat@90
                      ; - java.lang.String::concat@11
                      ; - jdk.internal.loader.BuiltinClassLoader::findClassOnClassPathOrNull@10
  0x000001478fccd098: 0426 faff 

  0x000001478fccd09c: ;   {other}
  0x000001478fccd09c: 0f1f 8400 | 0c0f 0005 

  0x000001478fccd0a4: ;   {metadata(method data for {method} {0x00000147a7101e28} 'findClassOnClassPathOrNull' '(Ljava/lang/String;)Ljava/lang/Class;' in 'jdk/internal/loader/BuiltinClassLoader')}
  0x000001478fccd0a4: 49b8 989b | 74a7 4701 | 0000 4983 | 8080 0100 

  0x000001478fccd0b4: ;   {metadata(method data for {method} {0x00000147a702bcc8} 'getSecurityManager' '()Ljava/lang/SecurityManager;' in 'java/lang/System')}
  0x000001478fccd0b4: 0001 49b8 | 003a 5da7 | 4701 0000 | 458b 88cc | 0000 0041 | 83c1 0245 | 8988 cc00 | 0000 4181 
  0x000001478fccd0d4: e1fe ff1f | 0045 85c9 | 0f84 7706 

  0x000001478fccd0e0: ;   {metadata(method data for {method} {0x00000147a702bcc8} 'getSecurityManager' '()Ljava/lang/SecurityManager;' in 'java/lang/System')}
  0x000001478fccd0e0: 0000 49b8 | 003a 5da7 | 4701 0000 | 4983 8010 | 0100 0001 

  0x000001478fccd0f4: ;   {metadata(method data for {method} {0x00000147a702b100} 'allowSecurityManager' '()Z' in 'java/lang/System')}
  0x000001478fccd0f4: 49b8 783b | 5da7 4701 | 0000 458b | 88cc 0000 | 0041 83c1 | 0245 8988 | cc00 0000 | 4181 e1fe 
  0x000001478fccd114: ff1f 0045 | 85c9 0f84 | 5a06 0000 

  0x000001478fccd120: ;   {metadata(method data for {method} {0x00000147a702b100} 'allowSecurityManager' '()Z' in 'java/lang/System')}
  0x000001478fccd120: 49b8 783b | 5da7 4701 | 0000 41ff | 8010 0100 

  0x000001478fccd130: ;   {metadata(method data for {method} {0x00000147a702bcc8} 'getSecurityManager' '()Ljava/lang/SecurityManager;' in 'java/lang/System')}
  0x000001478fccd130: 0049 b800 | 3a5d a747 | 0100 0041 | ff80 2001 

  0x000001478fccd140: ;   {metadata(method data for {method} {0x00000147a7101e28} 'findClassOnClassPathOrNull' '(Ljava/lang/String;)Ljava/lang/Class;' in 'jdk/internal/loader/BuiltinClassLoader')}
  0x000001478fccd140: 0000 49b8 | 989b 74a7 | 4701 0000 | 41ff 80a0 | 0100 0048 | 8b94 24c0 | 0000 008b | 7258 48c1 
  0x000001478fccd160: e603 483b | 064c 8bc6 

  0x000001478fccd168: ;   {metadata(method data for {method} {0x00000147a7101e28} 'findClassOnClassPathOrNull' '(Ljava/lang/String;)Ljava/lang/Class;' in 'jdk/internal/loader/BuiltinClassLoader')}
  0x000001478fccd168: 49b9 989b | 74a7 4701 | 0000 4983 | 81c8 0100 | 0001 4c8b | c041 b900 | 0000 0048 

  0x000001478fccd184: ;   {optimized virtual_call}
  0x000001478fccd184: 8bd6 90e8 

  0x000001478fccd188: ; ImmutableOopMap {[192]=Oop [200]=Oop }
                      ;*invokevirtual getResource {reexecute=0 rethrow=0 return_oop=0}
                      ; - jdk.internal.loader.BuiltinClassLoader::findClassOnClassPathOrNull@26
  0x000001478fccd188: e106 0000 

  0x000001478fccd18c: ;   {other}
  0x000001478fccd18c: 0f1f 8400 | fc0f 0006 

  0x000001478fccd194: ;   {metadata(method data for {method} {0x00000147a7101e28} 'findClassOnClassPathOrNull' '(Ljava/lang/String;)Ljava/lang/Class;' in 'jdk/internal/loader/BuiltinClassLoader')}
  0x000001478fccd194: 4885 c049 | b898 9b74 | a747 0100 | 0049 c7c1 | e801 0000 | 7407 49c7 | c1f8 0100 | 004b 8b14 
  0x000001478fccd1b4: 0848 8d52 | 014b 8914 | 080f 8472 | 0000 0048 | 8b94 24c0 

  0x000001478fccd1c8: ;   {metadata(method data for {method} {0x00000147a7101e28} 'findClassOnClassPathOrNull' '(Ljava/lang/String;)Ljava/lang/Class;' in 'jdk/internal/loader/BuiltinClassLoader')}
  0x000001478fccd1c8: 0000 0049 | b898 9b74 | a747 0100 | 0049 8380 | 0802 0000 | 014c 8b84 | 24c8 0000 | 004c 8bc8 
  0x000001478fccd1e8: 488b 9424 | c000 0000 | 0f1f 8000 

  0x000001478fccd1f4: ;   {optimized virtual_call}
  0x000001478fccd1f4: 0000 00e8 

  0x000001478fccd1f8: ; ImmutableOopMap {}
                      ;*invokevirtual defineClass {reexecute=0 rethrow=0 return_oop=0}
                      ; - jdk.internal.loader.BuiltinClassLoader::findClassOnClassPathOrNull@37
  0x000001478fccd1f8: da06 0000 

  0x000001478fccd1fc: ;   {other}
  0x000001478fccd1fc: 0f1f 8400 | 6c10 0007 | 4881 c410 | 0100 005d 

  0x000001478fccd20c: ;   {poll_return}
  0x000001478fccd20c: 493b a748 | 0400 000f | 8787 0500 | 00c3 498b | 87f8 0400 | 004d 33d2 | 4d89 97f8 | 0400 004d 
  0x000001478fccd22c: 33d2 4d89 | 9700 0500 

  0x000001478fccd234: ;   {oop(nullptr)}
  0x000001478fccd234: 0048 b800 | 0000 0000 | 0000 0048 | 81c4 1001 

  0x000001478fccd244: ;   {poll_return}
  0x000001478fccd244: 0000 5d49 | 3ba7 4804 | 0000 0f87 | 6205 0000 | c366 6690 

  0x000001478fccd258: ;   {no_reloc}
  0x000001478fccd258: e97e 0500 | 0000 0000 | 0000 498b | 87b8 0100 | 0048 8d78 | 2849 3bbf | c801 0000 | 0f87 6b05 
  0x000001478fccd278: 0000 4989 | bfb8 0100 | 0048 c700 | 0100 0000 | 488b ca49 | ba00 0000 | 0008 0000 | 0049 2bca 
  0x000001478fccd298: 8948 0848 | 33c9 8948 | 0c48 33c9 | 4889 4810 | 4889 4818 | 4889 4820 

  0x000001478fccd2b0: ;   {metadata(method data for {method} {0x00000147a71c4270} 'newArray' '(J)[B' in 'java/lang/StringConcatHelper')}
  0x000001478fccd2b0: 4c8b c048 | ba28 2356 | a747 0100 | 0048 8382 | 3001 0000 

  0x000001478fccd2c4: ;   {oop("Overflow: String length out of range"{0x0000000714752348})}
  0x000001478fccd2c4: 0149 b848 | 2375 1407 | 0000 0048 | 8bd0 4889 | 8424 f000 | 0000 0f1f 

  0x000001478fccd2dc: ;   {optimized virtual_call}
  0x000001478fccd2dc: 4400 00e8 

  0x000001478fccd2e0: ; ImmutableOopMap {[192]=Oop [200]=Oop [224]=Oop [240]=Oop }
                      ;*invokespecial <init> {reexecute=0 rethrow=0 return_oop=0}
                      ; - java.lang.StringConcatHelper::newArray@22
                      ; - java.lang.StringConcatHelper::simpleConcat@61
                      ; - java.lang.String::concat@11
                      ; - jdk.internal.loader.BuiltinClassLoader::findClassOnClassPathOrNull@10
  0x000001478fccd2e0: 9c1b 4b07 

  0x000001478fccd2e4: ;   {other}
  0x000001478fccd2e4: 0f1f 8400 | 5411 0008 | 488b 8424 | f000 0000 | e962 0500 | 0048 8984 | 24e0 0000 | 000f 1f80 
  0x000001478fccd304: 0000 0000 

  0x000001478fccd308: ;   {no_reloc}
  0x000001478fccd308: e9f4 0400 | 0000 0000 | 0000 498b | 87b8 0100 | 0048 8d78 | 2849 3bbf | c801 0000 | 0f87 e104 
  0x000001478fccd328: 0000 4989 | bfb8 0100 | 0048 c700 | 0100 0000 | 488b ca49 | ba00 0000 | 0008 0000 | 0049 2bca 
  0x000001478fccd348: 8948 0848 | 33c9 8948 | 0c48 33c9 | 4889 4810 | 4889 4818 | 4889 4820 

  0x000001478fccd360: ;   {metadata(method data for {method} {0x00000147a71c2d40} 'checkOverflow' '(J)J' in 'java/lang/StringConcatHelper')}
  0x000001478fccd360: 4c8b c048 | bac0 4a56 | a747 0100 | 0048 8382 | 3001 0000 

  0x000001478fccd374: ;   {oop("Overflow: String length out of range"{0x0000000714752348})}
  0x000001478fccd374: 0149 b848 | 2375 1407 | 0000 0048 | 8bd0 4889 | 8424 f800 | 0000 0f1f 

  0x000001478fccd38c: ;   {optimized virtual_call}
  0x000001478fccd38c: 4400 00e8 

  0x000001478fccd390: ; ImmutableOopMap {[192]=Oop [200]=Oop [224]=Oop [248]=Oop }
                      ;*invokespecial <init> {reexecute=0 rethrow=0 return_oop=0}
                      ; - java.lang.StringConcatHelper::checkOverflow@13
                      ; - java.lang.StringConcatHelper::mix@23
                      ; - java.lang.StringConcatHelper::simpleConcat@54
                      ; - java.lang.String::concat@11
                      ; - jdk.internal.loader.BuiltinClassLoader::findClassOnClassPathOrNull@10
  0x000001478fccd390: ec1a 4b07 

  0x000001478fccd394: ;   {other}
  0x000001478fccd394: 0f1f 8400 | 0412 0009 | 488b 8424 | f800 0000 | e9b2 0400 | 0048 8984 | 24e0 0000 | 000f 1f80 
  0x000001478fccd3b4: 0000 0000 

  0x000001478fccd3b8: ;   {no_reloc}
  0x000001478fccd3b8: e96a 0400 | 0000 0000 | 0000 498b | 87b8 0100 | 0048 8d78 | 2849 3bbf | c801 0000 | 0f87 5704 
  0x000001478fccd3d8: 0000 4989 | bfb8 0100 | 0048 c700 | 0100 0000 | 488b ca49 | ba00 0000 | 0008 0000 | 0049 2bca 
  0x000001478fccd3f8: 8948 0848 | 33c9 8948 | 0c48 33c9 | 4889 4810 | 4889 4818 | 4889 4820 

  0x000001478fccd410: ;   {metadata(method data for {method} {0x00000147a71c2d40} 'checkOverflow' '(J)J' in 'java/lang/StringConcatHelper')}
  0x000001478fccd410: 488b d048 | bec0 4a56 | a747 0100 | 0048 8386 | 3001 0000 

  0x000001478fccd424: ;   {oop("Overflow: String length out of range"{0x0000000714752348})}
  0x000001478fccd424: 0149 b848 | 2375 1407 | 0000 0048 | 8bd0 4889 | 8424 0001 | 0000 0f1f 

  0x000001478fccd43c: ;   {optimized virtual_call}
  0x000001478fccd43c: 4400 00e8 

  0x000001478fccd440: ; ImmutableOopMap {[192]=Oop [200]=Oop [224]=Oop [256]=Oop }
                      ;*invokespecial <init> {reexecute=0 rethrow=0 return_oop=0}
                      ; - java.lang.StringConcatHelper::checkOverflow@13
                      ; - java.lang.StringConcatHelper::mix@23
                      ; - java.lang.StringConcatHelper::simpleConcat@46
                      ; - java.lang.String::concat@11
                      ; - jdk.internal.loader.BuiltinClassLoader::findClassOnClassPathOrNull@10
  0x000001478fccd440: 3c1a 4b07 

  0x000001478fccd444: ;   {other}
  0x000001478fccd444: 0f1f 8400 | b412 000a | 488b 8424 | 0001 0000 | e902 0400 

  0x000001478fccd458: ;   {metadata({method} {0x00000147a7101e28} 'findClassOnClassPathOrNull' '(Ljava/lang/String;)Ljava/lang/Class;' in 'jdk/internal/loader/BuiltinClassLoader')}
  0x000001478fccd458: 0049 ba20 | 1e10 a747 | 0100 004c | 8954 2408 | 48c7 0424 | ffff ffff 

  0x000001478fccd470: ;   {runtime_call counter_overflow Runtime1 stub}
  0x000001478fccd470: e88b 5558 

  0x000001478fccd474: ; ImmutableOopMap {rdx=Oop r8=Oop [192]=Oop [200]=Oop }
                      ;*synchronization entry
                      ; - jdk.internal.loader.BuiltinClassLoader::findClassOnClassPathOrNull@-1
  0x000001478fccd474: 07e9 1ef1 

  0x000001478fccd478: ;   {runtime_call throw_null_pointer_exception Runtime1 stub}
  0x000001478fccd478: ffff e821 

  0x000001478fccd47c: ; ImmutableOopMap {r8=Oop [192]=Oop [200]=Oop }
                      ;*invokevirtual replace {reexecute=0 rethrow=0 return_oop=0}
                      ; - jdk.internal.loader.BuiltinClassLoader::findClassOnClassPathOrNull@5
                      ;   {runtime_call throw_null_pointer_exception Runtime1 stub}
  0x000001478fccd47c: f357 07e8 

  0x000001478fccd480: ; ImmutableOopMap {rax=Oop [192]=Oop [200]=Oop }
                      ;*invokevirtual concat {reexecute=0 rethrow=0 return_oop=0}
                      ; - jdk.internal.loader.BuiltinClassLoader::findClassOnClassPathOrNull@10
  0x000001478fccd480: 1cf3 5707 

  0x000001478fccd484: ;   {metadata({method} {0x00000147a700c1b0} 'concat' '(Ljava/lang/String;)Ljava/lang/String;' in 'java/lang/String')}
  0x000001478fccd484: 49ba a8c1 | 00a7 4701 | 0000 4c89 | 5424 0848 | c704 24ff 

  0x000001478fccd498: ;   {runtime_call counter_overflow Runtime1 stub}
  0x000001478fccd498: ffff ffe8 

  0x000001478fccd49c: ; ImmutableOopMap {rax=Oop [192]=Oop [200]=Oop }
                      ;*synchronization entry
                      ; - java.lang.String::concat@-1
                      ; - jdk.internal.loader.BuiltinClassLoader::findClassOnClassPathOrNull@10
  0x000001478fccd49c: 6055 5807 | e96e f1ff 

  0x000001478fccd4a4: ;   {metadata({method} {0x00000147a7009de8} 'isEmpty' '()Z' in 'java/lang/String')}
  0x000001478fccd4a4: ff49 bae0 | 9d00 a747 | 0100 004c | 8954 2408 | 48c7 0424 | ffff ffff 

  0x000001478fccd4bc: ;   {runtime_call counter_overflow Runtime1 stub}
  0x000001478fccd4bc: e83f 5558 

  0x000001478fccd4c0: ; ImmutableOopMap {rax=Oop [192]=Oop [200]=Oop }
                      ;*synchronization entry
                      ; - java.lang.String::isEmpty@-1
                      ; - java.lang.String::concat@1
                      ; - jdk.internal.loader.BuiltinClassLoader::findClassOnClassPathOrNull@10
  0x000001478fccd4c0: 07e9 90f1 

  0x000001478fccd4c4: ;   {metadata({method} {0x00000147a71c3ec8} 'simpleConcat' '(Ljava/lang/Object;Ljava/lang/Object;)Ljava/lang/String;' in 'java/lang/StringConcatHelper')}
  0x000001478fccd4c4: ffff 49ba | c03e 1ca7 | 4701 0000 | 4c89 5424 | 0848 c704 | 24ff ffff 

  0x000001478fccd4dc: ;   {runtime_call counter_overflow Runtime1 stub}
  0x000001478fccd4dc: ffe8 1e55 

  0x000001478fccd4e0: ; ImmutableOopMap {rax=Oop [192]=Oop [200]=Oop }
                      ;*synchronization entry
                      ; - java.lang.StringConcatHelper::simpleConcat@-1
                      ; - java.lang.String::concat@11
                      ; - jdk.internal.loader.BuiltinClassLoader::findClassOnClassPathOrNull@10
  0x000001478fccd4e0: 5807 e9c8 

  0x000001478fccd4e4: ;   {metadata({method} {0x00000147a71c4080} 'stringOf' '(Ljava/lang/Object;)Ljava/lang/String;' in 'java/lang/StringConcatHelper')}
  0x000001478fccd4e4: f1ff ff49 | ba78 401c | a747 0100 | 004c 8954 | 2408 48c7 | 0424 ffff 

  0x000001478fccd4fc: ;   {runtime_call counter_overflow Runtime1 stub}
  0x000001478fccd4fc: ffff e8fd 

  0x000001478fccd500: ; ImmutableOopMap {rax=Oop [192]=Oop [200]=Oop }
                      ;*synchronization entry
                      ; - java.lang.StringConcatHelper::stringOf@-1
                      ; - java.lang.StringConcatHelper::simpleConcat@1
                      ; - java.lang.String::concat@11
                      ; - jdk.internal.loader.BuiltinClassLoader::findClassOnClassPathOrNull@10
  0x000001478fccd500: 5458 07e9 | e0f1 ffff 

  0x000001478fccd508: ;   {metadata({method} {0x00000147a700e340} 'toString' '()Ljava/lang/String;' in 'java/lang/String')}
  0x000001478fccd508: 49ba 38e3 | 00a7 4701 | 0000 4c89 | 5424 0848 | c704 24ff 

  0x000001478fccd51c: ;   {runtime_call counter_overflow Runtime1 stub}
  0x000001478fccd51c: ffff ffe8 

  0x000001478fccd520: ; ImmutableOopMap {rax=Oop [192]=Oop [200]=Oop }
                      ;*synchronization entry
                      ; - java.lang.String::toString@-1
                      ; - java.lang.StringConcatHelper::stringOf@5
                      ; - java.lang.StringConcatHelper::simpleConcat@1
                      ; - java.lang.String::concat@11
                      ; - jdk.internal.loader.BuiltinClassLoader::findClassOnClassPathOrNull@10
  0x000001478fccd520: dc54 5807 | e92a f2ff 

  0x000001478fccd528: ;   {metadata({method} {0x00000147a71c4080} 'stringOf' '(Ljava/lang/Object;)Ljava/lang/String;' in 'java/lang/StringConcatHelper')}
  0x000001478fccd528: ff49 ba78 | 401c a747 | 0100 004c | 8954 2408 | 48c7 0424 | ffff ffff 

  0x000001478fccd540: ;   {runtime_call counter_overflow Runtime1 stub}
  0x000001478fccd540: e8bb 5458 

  0x000001478fccd544: ; ImmutableOopMap {rax=Oop [192]=Oop [200]=Oop }
                      ;*synchronization entry
                      ; - java.lang.StringConcatHelper::stringOf@-1
                      ; - java.lang.StringConcatHelper::simpleConcat@6
                      ; - java.lang.String::concat@11
                      ; - jdk.internal.loader.BuiltinClassLoader::findClassOnClassPathOrNull@10
  0x000001478fccd544: 07e9 8bf2 

  0x000001478fccd548: ;   {metadata({method} {0x00000147a700e340} 'toString' '()Ljava/lang/String;' in 'java/lang/String')}
  0x000001478fccd548: ffff 49ba | 38e3 00a7 | 4701 0000 | 4c89 5424 | 0848 c704 | 24ff ffff 

  0x000001478fccd560: ;   {runtime_call counter_overflow Runtime1 stub}
  0x000001478fccd560: ffe8 9a54 

  0x000001478fccd564: ; ImmutableOopMap {rax=Oop [192]=Oop [200]=Oop }
                      ;*synchronization entry
                      ; - java.lang.String::toString@-1
                      ; - java.lang.StringConcatHelper::stringOf@5
                      ; - java.lang.StringConcatHelper::simpleConcat@6
                      ; - java.lang.String::concat@11
                      ; - jdk.internal.loader.BuiltinClassLoader::findClassOnClassPathOrNull@10
  0x000001478fccd564: 5807 e9bd 

  0x000001478fccd568: ;   {runtime_call throw_null_pointer_exception Runtime1 stub}
  0x000001478fccd568: f2ff ffe8 

  0x000001478fccd56c: ; ImmutableOopMap {rax=Oop [192]=Oop [200]=Oop }
                      ;*invokevirtual isEmpty {reexecute=0 rethrow=0 return_oop=0}
                      ; - java.lang.StringConcatHelper::simpleConcat@11
                      ; - java.lang.String::concat@11
                      ; - jdk.internal.loader.BuiltinClassLoader::findClassOnClassPathOrNull@10
  0x000001478fccd56c: 30f2 5707 

  0x000001478fccd570: ;   {metadata({method} {0x00000147a7009de8} 'isEmpty' '()Z' in 'java/lang/String')}
  0x000001478fccd570: 49ba e09d | 00a7 4701 | 0000 4c89 | 5424 0848 | c704 24ff 

  0x000001478fccd584: ;   {runtime_call counter_overflow Runtime1 stub}
  0x000001478fccd584: ffff ffe8 

  0x000001478fccd588: ; ImmutableOopMap {rax=Oop [192]=Oop [200]=Oop }
                      ;*synchronization entry
                      ; - java.lang.String::isEmpty@-1
                      ; - java.lang.StringConcatHelper::simpleConcat@11
                      ; - java.lang.String::concat@11
                      ; - jdk.internal.loader.BuiltinClassLoader::findClassOnClassPathOrNull@10
  0x000001478fccd588: 7454 5807 | e9e6 f2ff 

  0x000001478fccd590: ;   {runtime_call throw_null_pointer_exception Runtime1 stub}
  0x000001478fccd590: ffe8 0af2 

  0x000001478fccd594: ; ImmutableOopMap {rax=Oop [192]=Oop [200]=Oop }
                      ;*arraylength {reexecute=0 rethrow=0 return_oop=0}
                      ; - java.lang.String::isEmpty@4
                      ; - java.lang.StringConcatHelper::simpleConcat@11
                      ; - java.lang.String::concat@11
                      ; - jdk.internal.loader.BuiltinClassLoader::findClassOnClassPathOrNull@10
  0x000001478fccd594: 5707 488b 

  0x000001478fccd598: ;   {runtime_call fast_new_instance Runtime1 stub}
  0x000001478fccd598: d2e8 e2fc 

  0x000001478fccd59c: ; ImmutableOopMap {[192]=Oop [200]=Oop }
                      ;*new {reexecute=0 rethrow=0 return_oop=0}
                      ; - java.lang.StringConcatHelper::simpleConcat@17
                      ; - java.lang.String::concat@11
                      ; - jdk.internal.loader.BuiltinClassLoader::findClassOnClassPathOrNull@10
  0x000001478fccd59c: 5707 e9ac 

  0x000001478fccd5a0: ;   {metadata({method} {0x00000147a7009de8} 'isEmpty' '()Z' in 'java/lang/String')}
  0x000001478fccd5a0: f3ff ff49 | bae0 9d00 | a747 0100 | 004c 8954 | 2408 48c7 | 0424 ffff 

  0x000001478fccd5b8: ;   {runtime_call counter_overflow Runtime1 stub}
  0x000001478fccd5b8: ffff e841 

  0x000001478fccd5bc: ; ImmutableOopMap {rax=Oop [192]=Oop [200]=Oop }
                      ;*synchronization entry
                      ; - java.lang.String::isEmpty@-1
                      ; - java.lang.StringConcatHelper::simpleConcat@27
                      ; - java.lang.String::concat@11
                      ; - jdk.internal.loader.BuiltinClassLoader::findClassOnClassPathOrNull@10
  0x000001478fccd5bc: 5458 07e9 | 1df4 ffff 

  0x000001478fccd5c4: ;   {metadata({method} {0x00000147a71c4348} 'initialCoder' '()J' in 'java/lang/StringConcatHelper')}
  0x000001478fccd5c4: 49ba 4043 | 1ca7 4701 | 0000 4c89 | 5424 0848 | c704 24ff 

  0x000001478fccd5d8: ;   {runtime_call counter_overflow Runtime1 stub}
  0x000001478fccd5d8: ffff ffe8 

  0x000001478fccd5dc: ; ImmutableOopMap {rax=Oop [192]=Oop [200]=Oop }
                      ;*synchronization entry
                      ; - java.lang.StringConcatHelper::initialCoder@-1
                      ; - java.lang.StringConcatHelper::simpleConcat@42
                      ; - java.lang.String::concat@11
                      ; - jdk.internal.loader.BuiltinClassLoader::findClassOnClassPathOrNull@10
  0x000001478fccd5dc: 2054 5807 | e95a f4ff 

  0x000001478fccd5e4: ;   {metadata({method} {0x00000147a71c3110} 'mix' '(JLjava/lang/String;)J' in 'java/lang/StringConcatHelper')}
  0x000001478fccd5e4: ff49 ba08 | 311c a747 | 0100 004c | 8954 2408 | 48c7 0424 | ffff ffff 

  0x000001478fccd5fc: ;   {runtime_call counter_overflow Runtime1 stub}
  0x000001478fccd5fc: e8ff 5358 

  0x000001478fccd600: ; ImmutableOopMap {rax=Oop [192]=Oop [200]=Oop }
                      ;*synchronization entry
                      ; - java.lang.StringConcatHelper::mix@-1
                      ; - java.lang.StringConcatHelper::simpleConcat@46
                      ; - java.lang.String::concat@11
                      ; - jdk.internal.loader.BuiltinClassLoader::findClassOnClassPathOrNull@10
  0x000001478fccd600: 07e9 97f4 

  0x000001478fccd604: ;   {metadata({method} {0x00000147a7009d30} 'length' '()I' in 'java/lang/String')}
  0x000001478fccd604: ffff 49ba | 289d 00a7 | 4701 0000 | 4c89 5424 | 0848 c704 | 24ff ffff 

  0x000001478fccd61c: ;   {runtime_call counter_overflow Runtime1 stub}
  0x000001478fccd61c: ffe8 de53 

  0x000001478fccd620: ; ImmutableOopMap {rax=Oop [192]=Oop [200]=Oop }
                      ;*synchronization entry
                      ; - java.lang.String::length@-1
                      ; - java.lang.StringConcatHelper::mix@2
                      ; - java.lang.StringConcatHelper::simpleConcat@46
                      ; - java.lang.String::concat@11
                      ; - jdk.internal.loader.BuiltinClassLoader::findClassOnClassPathOrNull@10
  0x000001478fccd620: 5807 e9b7 

  0x000001478fccd624: ;   {metadata({method} {0x00000147a700f8a0} 'coder' '()B' in 'java/lang/String')}
  0x000001478fccd624: f4ff ff49 | ba98 f800 | a747 0100 | 004c 8954 | 2408 48c7 | 0424 ffff 

  0x000001478fccd63c: ;   {runtime_call counter_overflow Runtime1 stub}
  0x000001478fccd63c: ffff e8bd 

  0x000001478fccd640: ; ImmutableOopMap {rax=Oop [192]=Oop [200]=Oop }
                      ;*synchronization entry
                      ; - java.lang.String::coder@-1
                      ; - java.lang.String::length@6
                      ; - java.lang.StringConcatHelper::mix@2
                      ; - java.lang.StringConcatHelper::simpleConcat@46
                      ; - java.lang.String::concat@11
                      ; - jdk.internal.loader.BuiltinClassLoader::findClassOnClassPathOrNull@10
  0x000001478fccd640: 5358 07e9 | d7f4 ffff 

  0x000001478fccd648: ;   {metadata({method} {0x00000147a700f8a0} 'coder' '()B' in 'java/lang/String')}
  0x000001478fccd648: 49ba 98f8 | 00a7 4701 | 0000 4c89 | 5424 0848 | c704 24ff 

  0x000001478fccd65c: ;   {runtime_call counter_overflow Runtime1 stub}
  0x000001478fccd65c: ffff ffe8 

  0x000001478fccd660: ; ImmutableOopMap {rax=Oop [192]=Oop [200]=Oop }
                      ;*synchronization entry
                      ; - java.lang.String::coder@-1
                      ; - java.lang.StringConcatHelper::mix@9
                      ; - java.lang.StringConcatHelper::simpleConcat@46
                      ; - java.lang.String::concat@11
                      ; - jdk.internal.loader.BuiltinClassLoader::findClassOnClassPathOrNull@10
  0x000001478fccd660: 9c53 5807 | e92e f5ff 

  0x000001478fccd668: ;   {metadata({method} {0x00000147a71c2d40} 'checkOverflow' '(J)J' in 'java/lang/StringConcatHelper')}
  0x000001478fccd668: ff49 ba38 | 2d1c a747 | 0100 004c | 8954 2408 | 48c7 0424 | ffff ffff 

  0x000001478fccd680: ;   {runtime_call counter_overflow Runtime1 stub}
  0x000001478fccd680: e87b 5358 

  0x000001478fccd684: ; ImmutableOopMap {rax=Oop [192]=Oop [200]=Oop }
                      ;*synchronization entry
                      ; - java.lang.StringConcatHelper::checkOverflow@-1
                      ; - java.lang.StringConcatHelper::mix@23
                      ; - java.lang.StringConcatHelper::simpleConcat@46
                      ; - java.lang.String::concat@11
                      ; - jdk.internal.loader.BuiltinClassLoader::findClassOnClassPathOrNull@10
  0x000001478fccd684: 07e9 a8f5 

  0x000001478fccd688: ;   {metadata({method} {0x00000147a71c3110} 'mix' '(JLjava/lang/String;)J' in 'java/lang/StringConcatHelper')}
  0x000001478fccd688: ffff 49ba | 0831 1ca7 | 4701 0000 | 4c89 5424 | 0848 c704 | 24ff ffff 

  0x000001478fccd6a0: ;   {runtime_call counter_overflow Runtime1 stub}
  0x000001478fccd6a0: ffe8 5a53 

  0x000001478fccd6a4: ; ImmutableOopMap {rax=Oop [192]=Oop [200]=Oop }
                      ;*synchronization entry
                      ; - java.lang.StringConcatHelper::mix@-1
                      ; - java.lang.StringConcatHelper::simpleConcat@54
                      ; - java.lang.String::concat@11
                      ; - jdk.internal.loader.BuiltinClassLoader::findClassOnClassPathOrNull@10
  0x000001478fccd6a4: 5807 e9f5 

  0x000001478fccd6a8: ;   {metadata({method} {0x00000147a7009d30} 'length' '()I' in 'java/lang/String')}
  0x000001478fccd6a8: f5ff ff49 | ba28 9d00 | a747 0100 | 004c 8954 | 2408 48c7 | 0424 ffff 

  0x000001478fccd6c0: ;   {runtime_call counter_overflow Runtime1 stub}
  0x000001478fccd6c0: ffff e839 

  0x000001478fccd6c4: ; ImmutableOopMap {rax=Oop rcx=Oop [192]=Oop [200]=Oop }
                      ;*synchronization entry
                      ; - java.lang.String::length@-1
                      ; - java.lang.StringConcatHelper::mix@2
                      ; - java.lang.StringConcatHelper::simpleConcat@54
                      ; - java.lang.String::concat@11
                      ; - jdk.internal.loader.BuiltinClassLoader::findClassOnClassPathOrNull@10
  0x000001478fccd6c4: 5358 07e9 | 1ff6 ffff 

  0x000001478fccd6cc: ;   {metadata({method} {0x00000147a700f8a0} 'coder' '()B' in 'java/lang/String')}
  0x000001478fccd6cc: 49ba 98f8 | 00a7 4701 | 0000 4c89 | 5424 0848 | c704 24ff 

  0x000001478fccd6e0: ;   {runtime_call counter_overflow Runtime1 stub}
  0x000001478fccd6e0: ffff ffe8 

  0x000001478fccd6e4: ; ImmutableOopMap {rax=Oop [192]=Oop [200]=Oop }
                      ;*synchronization entry
                      ; - java.lang.String::coder@-1
                      ; - java.lang.String::length@6
                      ; - java.lang.StringConcatHelper::mix@2
                      ; - java.lang.StringConcatHelper::simpleConcat@54
                      ; - java.lang.String::concat@11
                      ; - jdk.internal.loader.BuiltinClassLoader::findClassOnClassPathOrNull@10
  0x000001478fccd6e4: 1853 5807 | e93c f6ff 

  0x000001478fccd6ec: ;   {metadata({method} {0x00000147a700f8a0} 'coder' '()B' in 'java/lang/String')}
  0x000001478fccd6ec: ff49 ba98 | f800 a747 | 0100 004c | 8954 2408 | 48c7 0424 | ffff ffff 

  0x000001478fccd704: ;   {runtime_call counter_overflow Runtime1 stub}
  0x000001478fccd704: e8f7 5258 

  0x000001478fccd708: ; ImmutableOopMap {rax=Oop [192]=Oop [200]=Oop }
                      ;*synchronization entry
                      ; - java.lang.String::coder@-1
                      ; - java.lang.StringConcatHelper::mix@9
                      ; - java.lang.StringConcatHelper::simpleConcat@54
                      ; - java.lang.String::concat@11
                      ; - jdk.internal.loader.BuiltinClassLoader::findClassOnClassPathOrNull@10
  0x000001478fccd708: 07e9 95f6 

  0x000001478fccd70c: ;   {metadata({method} {0x00000147a71c2d40} 'checkOverflow' '(J)J' in 'java/lang/StringConcatHelper')}
  0x000001478fccd70c: ffff 49ba | 382d 1ca7 | 4701 0000 | 4c89 5424 | 0848 c704 | 24ff ffff 

  0x000001478fccd724: ;   {runtime_call counter_overflow Runtime1 stub}
  0x000001478fccd724: ffe8 d652 

  0x000001478fccd728: ; ImmutableOopMap {rax=Oop [192]=Oop [200]=Oop }
                      ;*synchronization entry
                      ; - java.lang.StringConcatHelper::checkOverflow@-1
                      ; - java.lang.StringConcatHelper::mix@23
                      ; - java.lang.StringConcatHelper::simpleConcat@54
                      ; - java.lang.String::concat@11
                      ; - jdk.internal.loader.BuiltinClassLoader::findClassOnClassPathOrNull@10
  0x000001478fccd728: 5807 e9e2 

  0x000001478fccd72c: ;   {metadata({method} {0x00000147a71c4270} 'newArray' '(J)[B' in 'java/lang/StringConcatHelper')}
  0x000001478fccd72c: f6ff ff49 | ba68 421c | a747 0100 | 004c 8954 | 2408 48c7 | 0424 ffff 

  0x000001478fccd744: ;   {runtime_call counter_overflow Runtime1 stub}
  0x000001478fccd744: ffff e8b5 

  0x000001478fccd748: ; ImmutableOopMap {rax=Oop [192]=Oop [200]=Oop }
                      ;*synchronization entry
                      ; - java.lang.StringConcatHelper::newArray@-1
                      ; - java.lang.StringConcatHelper::simpleConcat@61
                      ; - java.lang.String::concat@11
                      ; - jdk.internal.loader.BuiltinClassLoader::findClassOnClassPathOrNull@10
  0x000001478fccd748: 5258 07e9 | 31f7 ffff | 4889 0424 

  0x000001478fccd754: ;   {runtime_call throw_class_cast_exception Runtime1 stub}
  0x000001478fccd754: e847 1c58 

  0x000001478fccd758: ; ImmutableOopMap {[192]=Oop [200]=Oop [224]=Oop }
                      ;*checkcast {reexecute=0 rethrow=0 return_oop=0}
                      ; - java.lang.StringConcatHelper::newArray@36
                      ; - java.lang.StringConcatHelper::simpleConcat@61
                      ; - java.lang.String::concat@11
                      ; - jdk.internal.loader.BuiltinClassLoader::findClassOnClassPathOrNull@10
                      ;   {metadata({method} {0x00000147a702bcc8} 'getSecurityManager' '()Ljava/lang/SecurityManager;' in 'java/lang/System')}
  0x000001478fccd758: 0749 bac0 | bc02 a747 | 0100 004c | 8954 2408 | 48c7 0424 | ffff ffff 

  0x000001478fccd770: ;   {runtime_call counter_overflow Runtime1 stub}
  0x000001478fccd770: e88b 5258 

  0x000001478fccd774: ; ImmutableOopMap {rax=Oop [192]=Oop [200]=Oop }
                      ;*synchronization entry
                      ; - java.lang.System::getSecurityManager@-1
                      ; - jdk.internal.loader.BuiltinClassLoader::findClassOnClassPathOrNull@14
  0x000001478fccd774: 07e9 68f9 

  0x000001478fccd778: ;   {metadata({method} {0x00000147a702b100} 'allowSecurityManager' '()Z' in 'java/lang/System')}
  0x000001478fccd778: ffff 49ba | f8b0 02a7 | 4701 0000 | 4c89 5424 | 0848 c704 | 24ff ffff 

  0x000001478fccd790: ;   {runtime_call counter_overflow Runtime1 stub}
  0x000001478fccd790: ffe8 6a52 

  0x000001478fccd794: ; ImmutableOopMap {rax=Oop [192]=Oop [200]=Oop }
                      ;*synchronization entry
                      ; - java.lang.System::allowSecurityManager@-1
                      ; - java.lang.System::getSecurityManager@0
                      ; - jdk.internal.loader.BuiltinClassLoader::findClassOnClassPathOrNull@14
  0x000001478fccd794: 5807 e985 

  0x000001478fccd798: ;   {runtime_call throw_null_pointer_exception Runtime1 stub}
  0x000001478fccd798: f9ff ffe8 

  0x000001478fccd79c: ; ImmutableOopMap {rax=Oop rdx=Oop rsi=Oop [192]=Oop [200]=Oop }
                      ;*invokevirtual getResource {reexecute=0 rethrow=0 return_oop=0}
                      ; - jdk.internal.loader.BuiltinClassLoader::findClassOnClassPathOrNull@26
  0x000001478fccd79c: 00f0 5707 

  0x000001478fccd7a0: ;   {internal_word}
  0x000001478fccd7a0: 49ba 0cd2 | cc8f 4701 | 0000 4d89 | 9760 0400 

  0x000001478fccd7b0: ;   {runtime_call SafepointBlob}
  0x000001478fccd7b0: 00e9 ca93 

  0x000001478fccd7b4: ;   {internal_word}
  0x000001478fccd7b4: 4b07 49ba | 47d2 cc8f | 4701 0000 | 4d89 9760 

  0x000001478fccd7c4: ;   {runtime_call SafepointBlob}
  0x000001478fccd7c4: 0400 00e9 | b493 4b07 

  0x000001478fccd7cc: ;   {metadata(nullptr)}
  0x000001478fccd7cc: 48ba 0000 | 0000 0000 | 0000 b800 

  0x000001478fccd7d8: ;   {runtime_call load_klass_patching Runtime1 stub}
  0x000001478fccd7d8: 0f05 0ae8 

  0x000001478fccd7dc: ; ImmutableOopMap {[192]=Oop [200]=Oop [224]=Oop }
                      ;*new {reexecute=1 rethrow=0 return_oop=0}
                      ; - (reexecute) java.lang.StringConcatHelper::newArray@16
                      ; - java.lang.StringConcatHelper::simpleConcat@61
                      ; - java.lang.String::concat@11
                      ; - jdk.internal.loader.BuiltinClassLoader::findClassOnClassPathOrNull@10
  0x000001478fccd7dc: a03b 5807 | e973 faff | ff48 8bd2 

  0x000001478fccd7e8: ;   {runtime_call fast_new_instance Runtime1 stub}
  0x000001478fccd7e8: e893 fa57 

  0x000001478fccd7ec: ; ImmutableOopMap {[192]=Oop [200]=Oop [224]=Oop }
                      ;*new {reexecute=0 rethrow=0 return_oop=0}
                      ; - java.lang.StringConcatHelper::newArray@16
                      ; - java.lang.StringConcatHelper::simpleConcat@61
                      ; - java.lang.String::concat@11
                      ; - jdk.internal.loader.BuiltinClassLoader::findClassOnClassPathOrNull@10
  0x000001478fccd7ec: 07e9 befa 

  0x000001478fccd7f0: ;   {metadata(nullptr)}
  0x000001478fccd7f0: ffff 48ba | 0000 0000 | 0000 0000 | b800 0f05 

  0x000001478fccd800: ;   {runtime_call load_klass_patching Runtime1 stub}
  0x000001478fccd800: 0ae8 7a3b 

  0x000001478fccd804: ; ImmutableOopMap {[192]=Oop [200]=Oop [224]=Oop }
                      ;*new {reexecute=1 rethrow=0 return_oop=0}
                      ; - (reexecute) java.lang.StringConcatHelper::checkOverflow@7
                      ; - java.lang.StringConcatHelper::mix@23
                      ; - java.lang.StringConcatHelper::simpleConcat@54
                      ; - java.lang.String::concat@11
                      ; - jdk.internal.loader.BuiltinClassLoader::findClassOnClassPathOrNull@10
  0x000001478fccd804: 5807 e9fd | faff ff48 

  0x000001478fccd80c: ;   {runtime_call fast_new_instance Runtime1 stub}
  0x000001478fccd80c: 8bd2 e86d 

  0x000001478fccd810: ; ImmutableOopMap {[192]=Oop [200]=Oop [224]=Oop }
                      ;*new {reexecute=0 rethrow=0 return_oop=0}
                      ; - java.lang.StringConcatHelper::checkOverflow@7
                      ; - java.lang.StringConcatHelper::mix@23
                      ; - java.lang.StringConcatHelper::simpleConcat@54
                      ; - java.lang.String::concat@11
                      ; - jdk.internal.loader.BuiltinClassLoader::findClassOnClassPathOrNull@10
  0x000001478fccd810: fa57 07e9 | 48fb ffff 

  0x000001478fccd818: ;   {metadata(nullptr)}
  0x000001478fccd818: 48ba 0000 | 0000 0000 | 0000 b800 

  0x000001478fccd824: ;   {runtime_call load_klass_patching Runtime1 stub}
  0x000001478fccd824: 0f05 0ae8 

  0x000001478fccd828: ; ImmutableOopMap {[192]=Oop [200]=Oop [224]=Oop }
                      ;*new {reexecute=1 rethrow=0 return_oop=0}
                      ; - (reexecute) java.lang.StringConcatHelper::checkOverflow@7
                      ; - java.lang.StringConcatHelper::mix@23
                      ; - java.lang.StringConcatHelper::simpleConcat@46
                      ; - java.lang.String::concat@11
                      ; - jdk.internal.loader.BuiltinClassLoader::findClassOnClassPathOrNull@10
  0x000001478fccd828: 543b 5807 | e987 fbff | ff48 8bd2 

  0x000001478fccd834: ;   {runtime_call fast_new_instance Runtime1 stub}
  0x000001478fccd834: e847 fa57 

  0x000001478fccd838: ; ImmutableOopMap {[192]=Oop [200]=Oop [224]=Oop }
                      ;*new {reexecute=0 rethrow=0 return_oop=0}
                      ; - java.lang.StringConcatHelper::checkOverflow@7
                      ; - java.lang.StringConcatHelper::mix@23
                      ; - java.lang.StringConcatHelper::simpleConcat@46
                      ; - java.lang.String::concat@11
                      ; - jdk.internal.loader.BuiltinClassLoader::findClassOnClassPathOrNull@10
  0x000001478fccd838: 07e9 d2fb | ffff 498b | 87f8 0400 | 0049 c787 | f804 0000 | 0000 0000 | 49c7 8700 | 0500 0000 
  0x000001478fccd858: 0000 0048 | 81c4 1001 

  0x000001478fccd860: ;   {runtime_call unwind_exception Runtime1 stub}
  0x000001478fccd860: 0000 5de9 | 18e0 5707 
[Stub Code]
  0x000001478fccd868: ;   {no_reloc}
  0x000001478fccd868: 0f1f 4400 

  0x000001478fccd86c: ;   {static_stub}
  0x000001478fccd86c: 0048 bb38 | 5634 a747 

  0x000001478fccd874: ;   {runtime_call I2C/C2I adapters}
  0x000001478fccd874: 0100 00e9 | 0fa2 4a07 

  0x000001478fccd87c: ;   {static_stub}
  0x000001478fccd87c: 48bb 0000 | 0000 0000 

  0x000001478fccd884: ;   {runtime_call nmethod}
  0x000001478fccd884: 0000 e9fb 

  0x000001478fccd888: ;   {static_stub}
  0x000001478fccd888: ffff ff48 | bb00 0000 | 0000 0000 

  0x000001478fccd894: ;   {runtime_call nmethod}
  0x000001478fccd894: 00e9 fbff 

  0x000001478fccd898: ;   {static_stub}
  0x000001478fccd898: ffff 48bb | 0000 0000 | 0000 0000 

  0x000001478fccd8a4: ;   {runtime_call nmethod}
  0x000001478fccd8a4: e9fb ffff 

  0x000001478fccd8a8: ;   {static_stub}
  0x000001478fccd8a8: ff48 bb00 | 0000 0000 

  0x000001478fccd8b0: ;   {runtime_call nmethod}
  0x000001478fccd8b0: 0000 00e9 | fbff ffff 

  0x000001478fccd8b8: ;   {static_stub}
  0x000001478fccd8b8: 48bb 0000 | 0000 0000 

  0x000001478fccd8c0: ;   {runtime_call nmethod}
  0x000001478fccd8c0: 0000 e9fb 

  0x000001478fccd8c4: ;   {static_stub}
  0x000001478fccd8c4: ffff ff48 | bb00 0000 | 0000 0000 

  0x000001478fccd8d0: ;   {runtime_call nmethod}
  0x000001478fccd8d0: 00e9 fbff 

  0x000001478fccd8d4: ;   {static_stub}
  0x000001478fccd8d4: ffff 48bb | 5821 10a7 | 4701 0000 

  0x000001478fccd8e0: ;   {runtime_call I2C/C2I adapters}
  0x000001478fccd8e0: e9a6 d74a 

  0x000001478fccd8e4: ;   {runtime_call handle_exception_from_callee Runtime1 stub}
  0x000001478fccd8e4: 07e8 9614 

  0x000001478fccd8e8: ;   {external_word}
  0x000001478fccd8e8: 5807 48b9 | 40de 71b1 | fc7f 0000 | 4883 e4f0 

  0x000001478fccd8f8: ;   {runtime_call}
  0x000001478fccd8f8: 48b8 b079 | 40b1 fc7f | 0000 ffd0 

  0x000001478fccd904: ;   {section_word}
  0x000001478fccd904: f449 ba05 | d9cc 8f47 | 0100 0041 

  0x000001478fccd910: ;   {runtime_call DeoptimizationBlob}
  0x000001478fccd910: 52e9 0aa7 | 4b07 f4f4 
[/MachCode]


Compiled method (c1) 8408  263   !   3       jdk.internal.loader.BuiltinClassLoader::loadClassOrNull (143 bytes)
 total in heap  [0x000001478fc4d890,0x000001478fc4f098] = 6152
 relocation     [0x000001478fc4d9f0,0x000001478fc4db58] = 360
 main code      [0x000001478fc4db60,0x000001478fc4e9d0] = 3696
 stub code      [0x000001478fc4e9d0,0x000001478fc4ea90] = 192
 metadata       [0x000001478fc4ea90,0x000001478fc4eaf8] = 104
 scopes data    [0x000001478fc4eaf8,0x000001478fc4ed20] = 552
 scopes pcs     [0x000001478fc4ed20,0x000001478fc4ef00] = 480
 dependencies   [0x000001478fc4ef00,0x000001478fc4ef20] = 32
 handler table  [0x000001478fc4ef20,0x000001478fc4f070] = 336
 nul chk table  [0x000001478fc4f070,0x000001478fc4f098] = 40

[Constant Pool (empty)]

[MachCode]
[Entry Point]
  # {method} {0x00000147a71019a8} 'loadClassOrNull' '(Ljava/lang/String;Z)Ljava/lang/Class;' in 'jdk/internal/loader/BuiltinClassLoader'
  # this:     rdx:rdx   = 'jdk/internal/loader/BuiltinClassLoader'
  # parm0:    r8:r8     = 'java/lang/String'
  # parm1:    r9        = boolean
  #           [sp+0xd0]  (sp of caller)
  0x000001478fc4db60: 448b 5208 | 49bb 0000 | 0000 0800 | 0000 4d03 | d34c 3bd0 

  0x000001478fc4db74: ;   {runtime_call ic_miss_stub}
  0x000001478fc4db74: 0f85 060e | 5307 660f | 1f44 0000 
[Verified Entry Point]
  0x000001478fc4db80: 8984 2400 | 80ff ff55 | 4881 ecc0 | 0000 0090 | 4181 7f20 | 0100 0000 

  0x000001478fc4db98: ;   {runtime_call StubRoutines (final stubs)}
  0x000001478fc4db98: 7405 e821 | cf51 0748 | 8954 2468 

  0x000001478fc4dba4: ;   {metadata(method data for {method} {0x00000147a71019a8} 'loadClassOrNull' '(Ljava/lang/String;Z)Ljava/lang/Class;' in 'jdk/internal/loader/BuiltinClassLoader')}
  0x000001478fc4dba4: 48be 1884 | 74a7 4701 | 0000 8bbe | cc00 0000 | 83c7 0289 | becc 0000 | 0081 e7fe | 0700 0085 
  0x000001478fc4dbc4: ff0f 84e1 | 0b00 0044 | 894c 2478 

  0x000001478fc4dbd0: ;   {metadata(method data for {method} {0x00000147a71019a8} 'loadClassOrNull' '(Ljava/lang/String;Z)Ljava/lang/Class;' in 'jdk/internal/loader/BuiltinClassLoader')}
  0x000001478fc4dbd0: 488b f248 | bf18 8474 | a747 0100 | 008b 7608 | 49ba 0000 | 0000 0800 | 0000 4903 | f248 3bb7 
  0x000001478fc4dbf0: 2001 0000 | 750d 4883 | 8728 0100 | 0001 e960 | 0000 0048 | 3bb7 3001 | 0000 750d | 4883 8738 
  0x000001478fc4dc10: 0100 0001 | e94a 0000 | 0048 83bf | 2001 0000 | 0075 1748 | 89b7 2001 | 0000 48c7 | 8728 0100 
  0x000001478fc4dc30: 0001 0000 | 00e9 2900 | 0000 4883 | bf30 0100 | 0000 7517 | 4889 b730 | 0100 0048 | c787 3801 
  0x000001478fc4dc50: 0000 0100 | 0000 e908 | 0000 0048 | 8387 1001 | 0000 0149 | 8bf0 4c8b | c648 8bfa | 488b d748 
  0x000001478fc4dc70: 8974 2470 

  0x000001478fc4dc74: ;   {optimized virtual_call}
  0x000001478fc4dc74: 6666 90e8 

  0x000001478fc4dc78: ; ImmutableOopMap {[104]=Oop [112]=Oop }
                      ;*invokevirtual getClassLoadingLock {reexecute=0 rethrow=0 return_oop=0}
                      ; - jdk.internal.loader.BuiltinClassLoader::loadClassOrNull@2
  0x000001478fc4dc78: 8416 0000 

  0x000001478fc4dc7c: ;   {other}
  0x000001478fc4dc7c: 0f1f 8400 | ec03 0000 | 4889 8424 | 8000 0000 | 488d 9424 | a000 0000 | 488b f048 | 8972 0848 
  0x000001478fc4dc9c: 8b06 4883 | c801 4889 | 02f0 480f | b116 0f84 | 1200 0000 | 482b c448 | 2507 f0ff | ff48 8902 
  0x000001478fc4dcbc: 0f85 100b | 0000 49ff | 8748 0500 | 0048 8b54 

  0x000001478fc4dccc: ;   {metadata(method data for {method} {0x00000147a71019a8} 'loadClassOrNull' '(Ljava/lang/String;Z)Ljava/lang/Class;' in 'jdk/internal/loader/BuiltinClassLoader')}
  0x000001478fc4dccc: 2468 48be | 1884 74a7 | 4701 0000 | 4883 8648 | 0100 0001 

  0x000001478fc4dce0: ;   {metadata(method data for {method} {0x00000147a70259b8} 'findLoadedClass' '(Ljava/lang/String;)Ljava/lang/Class;' in 'java/lang/ClassLoader')}
  0x000001478fc4dce0: 48ba 188b | 74a7 4701 | 0000 8bb2 | cc00 0000 | 83c6 0289 | b2cc 0000 | 0081 e6fe | ff1f 0085 
  0x000001478fc4dd00: f60f 84de 

  0x000001478fc4dd04: ;   {metadata(method data for {method} {0x00000147a70259b8} 'findLoadedClass' '(Ljava/lang/String;)Ljava/lang/Class;' in 'java/lang/ClassLoader')}
  0x000001478fc4dd04: 0a00 0048 | ba18 8b74 | a747 0100 | 0048 8382 | 1001 0000 | 0148 8b54 

  0x000001478fc4dd1c: ;   {static_call}
  0x000001478fc4dd1c: 2470 90e8 

  0x000001478fc4dd20: ; ImmutableOopMap {[104]=Oop [112]=Oop [128]=Oop [168]=Oop }
                      ;*invokestatic checkName {reexecute=0 rethrow=0 return_oop=0}
                      ; - java.lang.ClassLoader::findLoadedClass@1
                      ; - jdk.internal.loader.BuiltinClassLoader::loadClassOrNull@10
  0x000001478fc4dd20: 9c87 feff 

  0x000001478fc4dd24: ;   {other}
  0x000001478fc4dd24: 0f1f 8400 | 9404 0001 

  0x000001478fc4dd2c: ;   {metadata(method data for {method} {0x00000147a70259b8} 'findLoadedClass' '(Ljava/lang/String;)Ljava/lang/Class;' in 'java/lang/ClassLoader')}
  0x000001478fc4dd2c: 85c0 49b8 | 188b 74a7 | 4701 0000 | 48c7 c220 | 0100 0075 | 0748 c7c2 | 3001 0000 | 498b 3410 
  0x000001478fc4dd4c: 488d 7601 | 4989 3410 | 0f85 0f00 

  0x000001478fc4dd58: ;   {oop(nullptr)}
  0x000001478fc4dd58: 0000 48be | 0000 0000 | 0000 0000 | e936 0000 | 0048 8b54 

  0x000001478fc4dd6c: ;   {metadata(method data for {method} {0x00000147a70259b8} 'findLoadedClass' '(Ljava/lang/String;)Ljava/lang/Class;' in 'java/lang/ClassLoader')}
  0x000001478fc4dd6c: 2468 49b8 | 188b 74a7 | 4701 0000 | 4983 8040 | 0100 0001 | 4c8b 4424 | 7048 8b54 | 2468 0f1f 
  0x000001478fc4dd8c: ;   {optimized virtual_call}
  0x000001478fc4dd8c: 4400 00e8 

  0x000001478fc4dd90: ; ImmutableOopMap {[104]=Oop [112]=Oop [128]=Oop [168]=Oop }
                      ;*invokevirtual findLoadedClass0 {reexecute=0 rethrow=0 return_oop=0}
                      ; - java.lang.ClassLoader::findLoadedClass@11
                      ; - jdk.internal.loader.BuiltinClassLoader::loadClassOrNull@10
  0x000001478fc4dd90: 4c28 a907 

  0x000001478fc4dd94: ;   {other}
  0x000001478fc4dd94: 0f1f 8400 | 0405 0002 | 488b f048 

  0x000001478fc4dda0: ;   {metadata(method data for {method} {0x00000147a71019a8} 'loadClassOrNull' '(Ljava/lang/String;Z)Ljava/lang/Class;' in 'jdk/internal/loader/BuiltinClassLoader')}
  0x000001478fc4dda0: 85f6 49b8 | 1884 74a7 | 4701 0000 | 48c7 c280 | 0100 0075 | 0748 c7c2 | 9001 0000 | 498b 3c10 
  0x000001478fc4ddc0: 488d 7f01 | 4989 3c10 | 0f85 c907 | 0000 4889 | b424 8800 | 0000 488b 

  0x000001478fc4ddd8: ;   {metadata(method data for {method} {0x00000147a71019a8} 'loadClassOrNull' '(Ljava/lang/String;Z)Ljava/lang/Class;' in 'jdk/internal/loader/BuiltinClassLoader')}
  0x000001478fc4ddd8: 5424 6849 | b818 8474 | a747 0100 | 0049 8380 | a001 0000 | 014c 8b44 | 2470 488b 

  0x000001478fc4ddf4: ;   {optimized virtual_call}
  0x000001478fc4ddf4: 5424 68e8 

  0x000001478fc4ddf8: ; ImmutableOopMap {[104]=Oop [112]=Oop [128]=Oop [136]=Oop [168]=Oop }
                      ;*invokevirtual findLoadedModule {reexecute=0 rethrow=0 return_oop=0}
                      ; - jdk.internal.loader.BuiltinClassLoader::loadClassOrNull@22
  0x000001478fc4ddf8: 640d 0200 

  0x000001478fc4ddfc: ;   {other}
  0x000001478fc4ddfc: 0f1f 8400 | 6c05 0003 

  0x000001478fc4de04: ;   {metadata(method data for {method} {0x00000147a71019a8} 'loadClassOrNull' '(Ljava/lang/String;Z)Ljava/lang/Class;' in 'jdk/internal/loader/BuiltinClassLoader')}
  0x000001478fc4de04: 4885 c049 | b818 8474 | a747 0100 | 0049 c7c1 | d801 0000 | 7407 49c7 | c1e8 0100 | 004b 8b14 
  0x000001478fc4de24: 0848 8d52 | 014b 8914 | 0848 8b54 | 2468 0f84 | 9503 0000 

  0x000001478fc4de38: ; implicit exception: dispatches to 0x000001478fc4e806
  0x000001478fc4de38: 483b 004c 

  0x000001478fc4de3c: ;   {metadata(method data for {method} {0x00000147a71019a8} 'loadClassOrNull' '(Ljava/lang/String;Z)Ljava/lang/Class;' in 'jdk/internal/loader/BuiltinClassLoader')}
  0x000001478fc4de3c: 8bc0 49b9 | 1884 74a7 | 4701 0000 

  0x000001478fc4de48: ;   {metadata('jdk/internal/loader/BuiltinClassLoader$LoadedModule')}
  0x000001478fc4de48: 49ba d8e3 | 0200 0800 | 0000 4d89 | 9108 0200 | 0049 8381 | 1002 0000 | 018b 700c | 48c1 e603 
  0x000001478fc4de68: ;   {metadata(method data for {method} {0x00000147a71019a8} 'loadClassOrNull' '(Ljava/lang/String;Z)Ljava/lang/Class;' in 'jdk/internal/loader/BuiltinClassLoader')}
  0x000001478fc4de68: 483b f249 | b818 8474 | a747 0100 | 0049 c7c1 | 3002 0000 | 7507 49c7 | c140 0200 | 004b 8b3c 
  0x000001478fc4de88: 0848 8d7f | 014b 893c | 080f 851e 

  0x000001478fc4de94: ;   {metadata(method data for {method} {0x00000147a71019a8} 'loadClassOrNull' '(Ljava/lang/String;Z)Ljava/lang/Class;' in 'jdk/internal/loader/BuiltinClassLoader')}
  0x000001478fc4de94: 0200 0049 | b818 8474 | a747 0100 | 0049 8380 | 5002 0000 

  0x000001478fc4dea8: ;   {metadata(method data for {method} {0x00000147a7167928} 'isModuleSystemInited' '()Z' in 'jdk/internal/misc/VM')}
  0x000001478fc4dea8: 0149 b830 | 8f74 a747 | 0100 0045 | 8b88 cc00 | 0000 4183 | c102 4589 | 88cc 0000 | 0041 81e1 
  0x000001478fc4dec8: feff 1f00 | 4585 c90f | 8436 0900 

  0x000001478fc4ded4: ;   {oop(a 'java/lang/Class'{0x00000007146083a8} = 'jdk/internal/misc/VM')}
  0x000001478fc4ded4: 0049 b8a8 | 8360 1407 | 0000 0045 | 8b80 9400 | 0000 4183 

  0x000001478fc4dee8: ;   {metadata(method data for {method} {0x00000147a7167928} 'isModuleSystemInited' '()Z' in 'jdk/internal/misc/VM')}
  0x000001478fc4dee8: f802 49b8 | 308f 74a7 | 4701 0000 | 49c7 c110 | 0100 007c | 0749 c7c1 | 2001 0000 | 4b8b 3408 
  0x000001478fc4df08: 488d 7601 | 4b89 3408 | 0f8c 1c00 

  0x000001478fc4df14: ;   {metadata(method data for {method} {0x00000147a7167928} 'isModuleSystemInited' '()Z' in 'jdk/internal/misc/VM')}
  0x000001478fc4df14: 0000 49b8 | 308f 74a7 | 4701 0000 | 41ff 8030 | 0100 0041 | b801 0000 | 00e9 0600 | 0000 41b8 
  0x000001478fc4df34: 0000 0000 | 4183 e001 

  0x000001478fc4df3c: ;   {metadata(method data for {method} {0x00000147a71019a8} 'loadClassOrNull' '(Ljava/lang/String;Z)Ljava/lang/Class;' in 'jdk/internal/loader/BuiltinClassLoader')}
  0x000001478fc4df3c: 4585 c049 | b818 8474 | a747 0100 | 0049 c7c1 | 7002 0000 | 7507 49c7 | c160 0200 | 004b 8b34 
  0x000001478fc4df5c: 0848 8d76 | 014b 8934 | 080f 850d | 0000 0048 | 8bb4 2488 | 0000 00e9 | 3f02 0000 

  0x000001478fc4df78: ;   {metadata(method data for {method} {0x00000147a71019a8} 'loadClassOrNull' '(Ljava/lang/String;Z)Ljava/lang/Class;' in 'jdk/internal/loader/BuiltinClassLoader')}
  0x000001478fc4df78: 4c8b c249 | b918 8474 | a747 0100 | 0049 8381 | 8002 0000 

  0x000001478fc4df8c: ;   {metadata(method data for {method} {0x00000147a7101d20} 'findClassInModuleOrNull' '(Ljdk/internal/loader/BuiltinClassLoader$LoadedModule;Ljava/lang/String;)Ljava/lang/Class;' in 'jdk/internal/loader/BuiltinClassLoader')}
  0x000001478fc4df8c: 0149 b890 | 9074 a747 | 0100 0045 | 8b88 cc00 | 0000 4183 | c102 4589 | 88cc 0000 | 0041 81e1 
  0x000001478fc4dfac: feff 1f00 | 4585 c90f | 8473 0800 

  0x000001478fc4dfb8: ;   {metadata(method data for {method} {0x00000147a7101d20} 'findClassInModuleOrNull' '(Ljdk/internal/loader/BuiltinClassLoader$LoadedModule;Ljava/lang/String;)Ljava/lang/Class;' in 'jdk/internal/loader/BuiltinClassLoader')}
  0x000001478fc4dfb8: 0049 b890 | 9074 a747 | 0100 0049 | 8380 1001 

  0x000001478fc4dfc8: ;   {metadata(method data for {method} {0x00000147a702bcc8} 'getSecurityManager' '()Ljava/lang/SecurityManager;' in 'java/lang/System')}
  0x000001478fc4dfc8: 0000 0149 | b800 3a5d | a747 0100 | 0045 8b88 | cc00 0000 | 4183 c102 | 4589 88cc | 0000 0041 
  0x000001478fc4dfe8: 81e1 feff | 1f00 4585 | c90f 8456 

  0x000001478fc4dff4: ;   {metadata(method data for {method} {0x00000147a702bcc8} 'getSecurityManager' '()Ljava/lang/SecurityManager;' in 'java/lang/System')}
  0x000001478fc4dff4: 0800 0049 | b800 3a5d | a747 0100 | 0049 8380 | 1001 0000 

  0x000001478fc4e008: ;   {metadata(method data for {method} {0x00000147a702b100} 'allowSecurityManager' '()Z' in 'java/lang/System')}
  0x000001478fc4e008: 0149 b878 | 3b5d a747 | 0100 0045 | 8b88 cc00 | 0000 4183 | c102 4589 | 88cc 0000 | 0041 81e1 
  0x000001478fc4e028: feff 1f00 | 4585 c90f | 8439 0800 

  0x000001478fc4e034: ;   {metadata(method data for {method} {0x00000147a702b100} 'allowSecurityManager' '()Z' in 'java/lang/System')}
  0x000001478fc4e034: 0049 b878 | 3b5d a747 | 0100 0041 | ff80 1001 

  0x000001478fc4e044: ;   {metadata(method data for {method} {0x00000147a702bcc8} 'getSecurityManager' '()Ljava/lang/SecurityManager;' in 'java/lang/System')}
  0x000001478fc4e044: 0000 49b8 | 003a 5da7 | 4701 0000 | 41ff 8020 

  0x000001478fc4e054: ;   {metadata(method data for {method} {0x00000147a7101d20} 'findClassInModuleOrNull' '(Ljdk/internal/loader/BuiltinClassLoader$LoadedModule;Ljava/lang/String;)Ljava/lang/Class;' in 'jdk/internal/loader/BuiltinClassLoader')}
  0x000001478fc4e054: 0100 0049 | b890 9074 | a747 0100 | 0041 ff80 | 3001 0000 

  0x000001478fc4e068: ;   {metadata(method data for {method} {0x00000147a7101d20} 'findClassInModuleOrNull' '(Ljdk/internal/loader/BuiltinClassLoader$LoadedModule;Ljava/lang/String;)Ljava/lang/Class;' in 'jdk/internal/loader/BuiltinClassLoader')}
  0x000001478fc4e068: 4c8b c249 | b990 9074 | a747 0100 | 0049 8381 | 4001 0000 | 014c 8b44 | 2470 4c8b | c848 8bf2 
  0x000001478fc4e088: 488b d60f 

  0x000001478fc4e08c: ;   {optimized virtual_call}
  0x000001478fc4e08c: 1f40 00e8 

  0x000001478fc4e090: ; ImmutableOopMap {[104]=Oop [128]=Oop [168]=Oop }
                      ;*invokevirtual defineClass {reexecute=0 rethrow=0 return_oop=0}
                      ; - jdk.internal.loader.BuiltinClassLoader::findClassInModuleOrNull@9
                      ; - jdk.internal.loader.BuiltinClassLoader::loadClassOrNull@55
  0x000001478fc4e090: ec0d 5307 

  0x000001478fc4e094: ;   {other}
  0x000001478fc4e094: 0f1f 8400 | 0408 0004 

  0x000001478fc4e09c: ;   {metadata(method data for {method} {0x00000147a71019a8} 'loadClassOrNull' '(Ljava/lang/String;Z)Ljava/lang/Class;' in 'jdk/internal/loader/BuiltinClassLoader')}
  0x000001478fc4e09c: 49b8 1884 | 74a7 4701 | 0000 41ff | 80b8 0200 | 0048 8bf0 | e902 0100 | 0048 3b06 

  0x000001478fc4e0b8: ;   {metadata(method data for {method} {0x00000147a71019a8} 'loadClassOrNull' '(Ljava/lang/String;Z)Ljava/lang/Class;' in 'jdk/internal/loader/BuiltinClassLoader')}
  0x000001478fc4e0b8: 4c8b c649 | b918 8474 | a747 0100 | 0049 8381 | d002 0000 

  0x000001478fc4e0cc: ;   {metadata(method data for {method} {0x00000147a7101aa0} 'loadClassOrNull' '(Ljava/lang/String;)Ljava/lang/Class;' in 'jdk/internal/loader/BuiltinClassLoader')}
  0x000001478fc4e0cc: 0149 b880 | 9874 a747 | 0100 0045 | 8b88 cc00 | 0000 4183 | c102 4589 | 88cc 0000 | 0041 81e1 
  0x000001478fc4e0ec: feff 1f00 | 4585 c90f | 849b 0700 | 004c 8bc6 

  0x000001478fc4e0fc: ;   {metadata(method data for {method} {0x00000147a7101aa0} 'loadClassOrNull' '(Ljava/lang/String;)Ljava/lang/Class;' in 'jdk/internal/loader/BuiltinClassLoader')}
  0x000001478fc4e0fc: 49b9 8098 | 74a7 4701 | 0000 458b | 4008 49ba | 0000 0000 | 0800 0000 | 4d03 c24d | 3b81 2001 
  0x000001478fc4e11c: 0000 750d | 4983 8128 | 0100 0001 | e960 0000 | 004d 3b81 | 3001 0000 | 750d 4983 | 8138 0100 
  0x000001478fc4e13c: 0001 e94a | 0000 0049 | 83b9 2001 | 0000 0075 | 174d 8981 | 2001 0000 | 49c7 8128 | 0100 0001 
  0x000001478fc4e15c: 0000 00e9 | 2900 0000 | 4983 b930 | 0100 0000 | 7517 4d89 | 8130 0100 | 0049 c781 | 3801 0000 
  0x000001478fc4e17c: 0100 0000 | e908 0000 | 0049 8381 | 1001 0000 | 014c 8b44 | 2470 41b9 | 0000 0000 | 488b d666 
  0x000001478fc4e19c: 9048 b860 | 450d ab47 

  0x000001478fc4e1a4: ;   {virtual_call}
  0x000001478fc4e1a4: 0100 00e8 

  0x000001478fc4e1a8: ; ImmutableOopMap {[104]=Oop [128]=Oop [168]=Oop }
                      ;*invokevirtual loadClassOrNull {reexecute=0 rethrow=0 return_oop=0}
                      ; - jdk.internal.loader.BuiltinClassLoader::loadClassOrNull@3
                      ; - jdk.internal.loader.BuiltinClassLoader::loadClassOrNull@66
  0x000001478fc4e1a8: ad98 5207 

  0x000001478fc4e1ac: ;   {other}
  0x000001478fc4e1ac: 0f1f 8400 | 1c09 0005 

  0x000001478fc4e1b4: ;   {metadata(method data for {method} {0x00000147a71019a8} 'loadClassOrNull' '(Ljava/lang/String;Z)Ljava/lang/Class;' in 'jdk/internal/loader/BuiltinClassLoader')}
  0x000001478fc4e1b4: 488b f049 | b818 8474 | a747 0100 | 0041 ff80 | 0803 0000 | e9ca 0300 | 008b 7254 | 48c1 e603 
  0x000001478fc4e1d4: ;   {metadata(method data for {method} {0x00000147a71019a8} 'loadClassOrNull' '(Ljava/lang/String;Z)Ljava/lang/Class;' in 'jdk/internal/loader/BuiltinClassLoader')}
  0x000001478fc4e1d4: 4885 f649 | b818 8474 | a747 0100 | 0049 c7c1 | 3003 0000 | 7507 49c7 | c120 0300 | 004b 8b3c 
  0x000001478fc4e1f4: 0848 8d7f | 014b 893c | 080f 850d | 0000 0048 | 8bb4 2488 | 0000 00e9 | 0701 0000 

  0x000001478fc4e210: ; implicit exception: dispatches to 0x000001478fc4e8b5
  0x000001478fc4e210: 483b 064c 

  0x000001478fc4e214: ;   {metadata(method data for {method} {0x00000147a71019a8} 'loadClassOrNull' '(Ljava/lang/String;Z)Ljava/lang/Class;' in 'jdk/internal/loader/BuiltinClassLoader')}
  0x000001478fc4e214: 8bc6 49b9 | 1884 74a7 | 4701 0000 | 4983 8140 | 0300 0001 

  0x000001478fc4e228: ;   {metadata(method data for {method} {0x00000147a7101aa0} 'loadClassOrNull' '(Ljava/lang/String;)Ljava/lang/Class;' in 'jdk/internal/loader/BuiltinClassLoader')}
  0x000001478fc4e228: 49b8 8098 | 74a7 4701 | 0000 458b | 88cc 0000 | 0041 83c1 | 0245 8988 | cc00 0000 | 4181 e1fe 
  0x000001478fc4e248: ff1f 0045 | 85c9 0f84 | 6606 0000 

  0x000001478fc4e254: ;   {metadata(method data for {method} {0x00000147a7101aa0} 'loadClassOrNull' '(Ljava/lang/String;)Ljava/lang/Class;' in 'jdk/internal/loader/BuiltinClassLoader')}
  0x000001478fc4e254: 4c8b c649 | b980 9874 | a747 0100 | 0045 8b40 | 0849 ba00 | 0000 0008 | 0000 004d | 03c2 4d3b 
  0x000001478fc4e274: 8120 0100 | 0075 0d49 | 8381 2801 | 0000 01e9 | 6000 0000 | 4d3b 8130 | 0100 0075 | 0d49 8381 
  0x000001478fc4e294: 3801 0000 | 01e9 4a00 | 0000 4983 | b920 0100 | 0000 7517 | 4d89 8120 | 0100 0049 | c781 2801 
  0x000001478fc4e2b4: 0000 0100 | 0000 e929 | 0000 0049 | 83b9 3001 | 0000 0075 | 174d 8981 | 3001 0000 | 49c7 8138 
  0x000001478fc4e2d4: 0100 0001 | 0000 00e9 | 0800 0000 | 4983 8110 | 0100 0001 | 4c8b 4424 | 7041 b900 | 0000 0048 
  0x000001478fc4e2f4: 8bd6 0f1f | 8000 0000 | 0048 b8ff | ffff ffff 

  0x000001478fc4e304: ;   {virtual_call}
  0x000001478fc4e304: ffff ffe8 

  0x000001478fc4e308: ; ImmutableOopMap {[104]=Oop [112]=Oop [128]=Oop [168]=Oop }
                      ;*invokevirtual loadClassOrNull {reexecute=0 rethrow=0 return_oop=0}
                      ; - jdk.internal.loader.BuiltinClassLoader::loadClassOrNull@3
                      ; - jdk.internal.loader.BuiltinClassLoader::loadClassOrNull@86
  0x000001478fc4e308: 040d 6107 

  0x000001478fc4e30c: ;   {other}
  0x000001478fc4e30c: 0f1f 8400 | 7c0a 0006 | 488b f048 

  0x000001478fc4e318: ;   {metadata(method data for {method} {0x00000147a71019a8} 'loadClassOrNull' '(Ljava/lang/String;Z)Ljava/lang/Class;' in 'jdk/internal/loader/BuiltinClassLoader')}
  0x000001478fc4e318: 85f6 49b8 | 1884 74a7 | 4701 0000 | 48c7 c278 | 0300 0075 | 0748 c7c2 | 8803 0000 | 498b 3c10 
  0x000001478fc4e338: 488d 7f01 | 4989 3c10 | 0f85 5102 | 0000 488b | 5424 684c 

  0x000001478fc4e34c: ;   {metadata(method data for {method} {0x00000147a71019a8} 'loadClassOrNull' '(Ljava/lang/String;Z)Ljava/lang/Class;' in 'jdk/internal/loader/BuiltinClassLoader')}
  0x000001478fc4e34c: 8bc2 48bf | 1884 74a7 | 4701 0000 | 458b 4008 | 49ba 0000 | 0000 0800 | 0000 4d03 | c24c 3b87 
  0x000001478fc4e36c: a803 0000 | 750d 4883 | 87b0 0300 | 0001 e960 | 0000 004c | 3b87 b803 | 0000 750d | 4883 87c0 
  0x000001478fc4e38c: 0300 0001 | e94a 0000 | 0048 83bf | a803 0000 | 0075 174c | 8987 a803 | 0000 48c7 | 87b0 0300 
  0x000001478fc4e3ac: 0001 0000 | 00e9 2900 | 0000 4883 | bfb8 0300 | 0000 7517 | 4c89 87b8 | 0300 0048 | c787 c003 
  0x000001478fc4e3cc: 0000 0100 | 0000 e908 | 0000 0048 | 8387 9803 

  0x000001478fc4e3dc: ;   {metadata(method data for {method} {0x00000147a71008c0} 'hasClassPath' '()Z' in 'jdk/internal/loader/BuiltinClassLoader')}
  0x000001478fc4e3dc: 0000 0149 | b810 9a74 | a747 0100 | 0041 8bb8 | cc00 0000 | 83c7 0241 | 89b8 cc00 | 0000 81e7 
  0x000001478fc4e3fc: feff 1f00 | 85ff 0f84 | d304 0000 | 448b 4258 | 49c1 e003 

  0x000001478fc4e410: ;   {metadata(method data for {method} {0x00000147a71008c0} 'hasClassPath' '()Z' in 'jdk/internal/loader/BuiltinClassLoader')}
  0x000001478fc4e410: 4d85 c049 | b810 9a74 | a747 0100 | 0048 c7c7 | 1001 0000 | 7407 48c7 | c720 0100 | 0049 8b1c 
  0x000001478fc4e430: 3848 8d5b | 0149 891c | 380f 841c 

  0x000001478fc4e43c: ;   {metadata(method data for {method} {0x00000147a71008c0} 'hasClassPath' '()Z' in 'jdk/internal/loader/BuiltinClassLoader')}
  0x000001478fc4e43c: 0000 0049 | b810 9a74 | a747 0100 | 0041 ff80 | 3001 0000 | 41b8 0100 | 0000 e906 | 0000 0041 
  0x000001478fc4e45c: b800 0000 | 0041 83e0 | 0145 85c0 

  0x000001478fc4e468: ;   {metadata(method data for {method} {0x00000147a71019a8} 'loadClassOrNull' '(Ljava/lang/String;Z)Ljava/lang/Class;' in 'jdk/internal/loader/BuiltinClassLoader')}
  0x000001478fc4e468: 49b8 1884 | 74a7 4701 | 0000 48c7 | c7d0 0300 | 0074 0748 | c7c7 e003 | 0000 498b | 1c38 488d 
  0x000001478fc4e488: 5b01 4989 | 1c38 0f84 | 0301 0000 

  0x000001478fc4e494: ;   {metadata(method data for {method} {0x00000147a71019a8} 'loadClassOrNull' '(Ljava/lang/String;Z)Ljava/lang/Class;' in 'jdk/internal/loader/BuiltinClassLoader')}
  0x000001478fc4e494: 49b8 1884 | 74a7 4701 | 0000 4983 | 80f0 0300 

  0x000001478fc4e4a4: ;   {metadata(method data for {method} {0x00000147a7167928} 'isModuleSystemInited' '()Z' in 'jdk/internal/misc/VM')}
  0x000001478fc4e4a4: 0001 49b8 | 308f 74a7 | 4701 0000 | 418b b8cc | 0000 0083 | c702 4189 | b8cc 0000 | 0081 e7fe 
  0x000001478fc4e4c4: ff1f 0085 | ff0f 842d 

  0x000001478fc4e4cc: ;   {oop(a 'java/lang/Class'{0x00000007146083a8} = 'jdk/internal/misc/VM')}
  0x000001478fc4e4cc: 0400 0049 | b8a8 8360 | 1407 0000 | 0045 8b80 | 9400 0000 | 4183 f802 

  0x000001478fc4e4e4: ;   {metadata(method data for {method} {0x00000147a7167928} 'isModuleSystemInited' '()Z' in 'jdk/internal/misc/VM')}
  0x000001478fc4e4e4: 49b8 308f | 74a7 4701 | 0000 48c7 | c710 0100 | 007c 0748 | c7c7 2001 | 0000 498b | 1c38 488d 
  0x000001478fc4e504: 5b01 4989 | 1c38 0f8c | 1c00 0000 

  0x000001478fc4e510: ;   {metadata(method data for {method} {0x00000147a7167928} 'isModuleSystemInited' '()Z' in 'jdk/internal/misc/VM')}
  0x000001478fc4e510: 49b8 308f | 74a7 4701 | 0000 41ff | 8030 0100 | 0041 b801 | 0000 00e9 | 0600 0000 | 41b8 0000 
  0x000001478fc4e530: 0000 4183 | e001 4585 

  0x000001478fc4e538: ;   {metadata(method data for {method} {0x00000147a71019a8} 'loadClassOrNull' '(Ljava/lang/String;Z)Ljava/lang/Class;' in 'jdk/internal/loader/BuiltinClassLoader')}
  0x000001478fc4e538: c049 b818 | 8474 a747 | 0100 0048 | c7c7 0004 | 0000 7407 | 48c7 c710 | 0400 0049 | 8b1c 3848 
  0x000001478fc4e558: 8d5b 0149 | 891c 380f | 8432 0000 | 004c 8b44 | 2470 488b 

  0x000001478fc4e56c: ;   {metadata(method data for {method} {0x00000147a71019a8} 'loadClassOrNull' '(Ljava/lang/String;Z)Ljava/lang/Class;' in 'jdk/internal/loader/BuiltinClassLoader')}
  0x000001478fc4e56c: f248 bf18 | 8474 a747 | 0100 0048 | 8387 2004 | 0000 0148 | 8bf2 488b 

  0x000001478fc4e584: ;   {optimized virtual_call}
  0x000001478fc4e584: d666 90e8 

  0x000001478fc4e588: ; ImmutableOopMap {[104]=Oop [128]=Oop [168]=Oop }
                      ;*invokevirtual findClassOnClassPathOrNull {reexecute=0 rethrow=0 return_oop=0}
                      ; - jdk.internal.loader.BuiltinClassLoader::loadClassOrNull@111
  0x000001478fc4e588: b4df 0700 

  0x000001478fc4e58c: ;   {other}
  0x000001478fc4e58c: 0f1f 8400 | fc0c 0007 | 488b f044 | 8b4c 2478 

  0x000001478fc4e59c: ;   {metadata(method data for {method} {0x00000147a71019a8} 'loadClassOrNull' '(Ljava/lang/String;Z)Ljava/lang/Class;' in 'jdk/internal/loader/BuiltinClassLoader')}
  0x000001478fc4e59c: 4585 c948 | b818 8474 | a747 0100 | 0048 c7c2 | 5804 0000 | 7407 48c7 | c268 0400 | 0048 8b3c 
  0x000001478fc4e5bc: 1048 8d7f | 0148 893c | 100f 849c | 0000 0048 

  0x000001478fc4e5cc: ;   {metadata(method data for {method} {0x00000147a71019a8} 'loadClassOrNull' '(Ljava/lang/String;Z)Ljava/lang/Class;' in 'jdk/internal/loader/BuiltinClassLoader')}
  0x000001478fc4e5cc: 85f6 48b8 | 1884 74a7 | 4701 0000 | 48c7 c278 | 0400 0074 | 0748 c7c2 | 8804 0000 | 488b 3c10 
  0x000001478fc4e5ec: 488d 7f01 | 4889 3c10 | 0f84 6d00 | 0000 488b 

  0x000001478fc4e5fc: ;   {metadata(method data for {method} {0x00000147a71019a8} 'loadClassOrNull' '(Ljava/lang/String;Z)Ljava/lang/Class;' in 'jdk/internal/loader/BuiltinClassLoader')}
  0x000001478fc4e5fc: 5424 6848 | b818 8474 | a747 0100 | 0048 8380 | 9804 0000 

  0x000001478fc4e610: ;   {metadata(method data for {method} {0x00000147a70256a8} 'resolveClass' '(Ljava/lang/Class;)V' in 'java/lang/ClassLoader')}
  0x000001478fc4e610: 0148 b878 | 9e74 a747 | 0100 008b | 90cc 0000 | 0083 c202 | 8990 cc00 | 0000 81e2 | feff 1f00 
  0x000001478fc4e630: 85d2 0f84 | e502 0000 

  0x000001478fc4e638: ;   {metadata(method data for {method} {0x00000147a70256a8} 'resolveClass' '(Ljava/lang/Class;)V' in 'java/lang/ClassLoader')}
  0x000001478fc4e638: 4885 f648 | b878 9e74 | a747 0100 | 0048 c7c2 | 2001 0000 | 7407 48c7 | c210 0100 | 0048 8b3c 
  0x000001478fc4e658: 1048 8d7f | 0148 893c | 100f 8443 | 0000 0048 | 8d84 24a0 | 0000 0048 | 8b10 4885 | d20f 840f 
  0x000001478fc4e678: 0000 0048 | 8b78 08f0 | 480f b117 | 0f85 b402 | 0000 49ff | 8f48 0500 | 0048 8bc6 | 4881 c4c0 
  0x000001478fc4e698: 0000 005d 

  0x000001478fc4e69c: ;   {poll_return}
  0x000001478fc4e69c: 493b a748 | 0400 000f | 87ab 0200 | 00c3 4889 | b424 9800 | 0000 660f | 1f44 0000 

  0x000001478fc4e6b8: ;   {no_reloc}
  0x000001478fc4e6b8: e9bc 0200 | 0000 0000 | 0000 498b | 87b8 0100 | 0048 8d78 | 3049 3bbf | c801 0000 | 0f87 a902 
  0x000001478fc4e6d8: 0000 4989 | bfb8 0100 | 0048 c700 | 0100 0000 | 488b ca49 | ba00 0000 | 0008 0000 | 0049 2bca 
  0x000001478fc4e6f8: 8948 0848 | 33c9 8948 | 0c48 33c9 | 4889 4810 | 4889 4818 | 4889 4820 | 4889 4828 

  0x000001478fc4e714: ;   {metadata(method data for {method} {0x00000147a70256a8} 'resolveClass' '(Ljava/lang/Class;)V' in 'java/lang/ClassLoader')}
  0x000001478fc4e714: 488b d048 | be78 9e74 | a747 0100 | 0048 8386 | 3001 0000 | 0148 8bd0 | 4889 8424 | 9000 0000 
  0x000001478fc4e734: ;   {optimized virtual_call}
  0x000001478fc4e734: 6666 90e8 

  0x000001478fc4e738: ; ImmutableOopMap {[128]=Oop [144]=Oop [152]=Oop [168]=Oop }
                      ;*invokespecial <init> {reexecute=0 rethrow=0 return_oop=0}
                      ; - java.lang.ClassLoader::resolveClass@8
                      ; - jdk.internal.loader.BuiltinClassLoader::loadClassOrNull@128
  0x000001478fc4e738: 4407 5307 

  0x000001478fc4e73c: ;   {other}
  0x000001478fc4e73c: 0f1f 8400 | ac0e 0008 | 488b 8424 

  0x000001478fc4e748: ; ImmutableOopMap {rax=Oop [128]=Oop [152]=Oop [168]=Oop }
                      ;*athrow {reexecute=1 rethrow=0 return_oop=0}
                      ; - (reexecute) java.lang.ClassLoader::resolveClass@11
                      ; - jdk.internal.loader.BuiltinClassLoader::loadClassOrNull@128
  0x000001478fc4e748: 9000 0000 

  0x000001478fc4e74c: ;   {section_word}
  0x000001478fc4e74c: 48ba 4ce7 | c48f 4701 

  0x000001478fc4e754: ;   {runtime_call handle_exception_nofpu Runtime1 stub}
  0x000001478fc4e754: 0000 e825 | ff5f 0790 | 498b 87f8 | 0400 004d | 33d2 4d89 | 97f8 0400 | 004d 33d2 | 4d89 9700 
  0x000001478fc4e774: 0500 0048 | 8bf0 488d | 8424 a000 | 0000 488b | 3848 85ff | 0f84 0f00 | 0000 488b | 5808 f048 
  0x000001478fc4e794: 0fb1 3b0f | 85f3 0100 | 0049 ff8f | 4805 0000 | 488b c6e9 | 1702 0000 

  0x000001478fc4e7ac: ;   {metadata({method} {0x00000147a71019a8} 'loadClassOrNull' '(Ljava/lang/String;Z)Ljava/lang/Class;' in 'jdk/internal/loader/BuiltinClassLoader')}
  0x000001478fc4e7ac: 49ba a019 | 10a7 4701 | 0000 4c89 | 5424 0848 | c704 24ff 

  0x000001478fc4e7c0: ;   {runtime_call counter_overflow Runtime1 stub}
  0x000001478fc4e7c0: ffff ffe8 

  0x000001478fc4e7c4: ; ImmutableOopMap {rdx=Oop r8=Oop [104]=Oop }
                      ;*synchronization entry
                      ; - jdk.internal.loader.BuiltinClassLoader::loadClassOrNull@-1
  0x000001478fc4e7c4: 3842 6007 | e9fe f3ff 

  0x000001478fc4e7cc: ;   {runtime_call throw_null_pointer_exception Runtime1 stub}
  0x000001478fc4e7cc: ffe8 cedf 

  0x000001478fc4e7d0: ; ImmutableOopMap {rsi=Oop [104]=Oop [112]=Oop [128]=Oop }
                      ;*monitorenter {reexecute=0 rethrow=0 return_oop=0}
                      ; - jdk.internal.loader.BuiltinClassLoader::loadClassOrNull@7
  0x000001478fc4e7d0: 5f07 4889 | 7424 0848 

  0x000001478fc4e7d8: ;   {runtime_call monitorenter_nofpu Runtime1 stub}
  0x000001478fc4e7d8: 8914 24e8 

  0x000001478fc4e7dc: ; ImmutableOopMap {rsi=Oop [104]=Oop [112]=Oop [128]=Oop [168]=Oop }
                      ;*monitorenter {reexecute=0 rethrow=0 return_oop=0}
                      ; - jdk.internal.loader.BuiltinClassLoader::loadClassOrNull@7
  0x000001478fc4e7dc: 2018 6007 | e9e4 f4ff 

  0x000001478fc4e7e4: ;   {metadata({method} {0x00000147a70259b8} 'findLoadedClass' '(Ljava/lang/String;)Ljava/lang/Class;' in 'java/lang/ClassLoader')}
  0x000001478fc4e7e4: ff49 bab0 | 5902 a747 | 0100 004c | 8954 2408 | 48c7 0424 | ffff ffff 

  0x000001478fc4e7fc: ;   {runtime_call counter_overflow Runtime1 stub}
  0x000001478fc4e7fc: e8ff 4160 

  0x000001478fc4e800: ; ImmutableOopMap {[104]=Oop [112]=Oop [128]=Oop [168]=Oop }
                      ;*synchronization entry
                      ; - java.lang.ClassLoader::findLoadedClass@-1
                      ; - jdk.internal.loader.BuiltinClassLoader::loadClassOrNull@10
  0x000001478fc4e800: 07e9 01f5 

  0x000001478fc4e804: ;   {runtime_call throw_null_pointer_exception Runtime1 stub}
  0x000001478fc4e804: ffff e895 

  0x000001478fc4e808: ; ImmutableOopMap {rax=Oop rdx=Oop [104]=Oop [112]=Oop [128]=Oop [136]=Oop [168]=Oop }
                      ;*invokevirtual loader {reexecute=0 rethrow=0 return_oop=0}
                      ; - jdk.internal.loader.BuiltinClassLoader::loadClassOrNull@34
                      ;   {metadata({method} {0x00000147a7167928} 'isModuleSystemInited' '()Z' in 'jdk/internal/misc/VM')}
  0x000001478fc4e808: df5f 0749 | ba20 7916 | a747 0100 | 004c 8954 | 2408 48c7 | 0424 ffff 

  0x000001478fc4e820: ;   {runtime_call counter_overflow Runtime1 stub}
  0x000001478fc4e820: ffff e8d9 

  0x000001478fc4e824: ; ImmutableOopMap {rax=Oop rdx=Oop [104]=Oop [112]=Oop [128]=Oop [136]=Oop [168]=Oop }
                      ;*synchronization entry
                      ; - jdk.internal.misc.VM::isModuleSystemInited@-1
                      ; - jdk.internal.loader.BuiltinClassLoader::loadClassOrNull@45
  0x000001478fc4e824: 4160 07e9 | a9f6 ffff 

  0x000001478fc4e82c: ;   {metadata({method} {0x00000147a7101d20} 'findClassInModuleOrNull' '(Ljdk/internal/loader/BuiltinClassLoader$LoadedModule;Ljava/lang/String;)Ljava/lang/Class;' in 'jdk/internal/loader/BuiltinClassLoader')}
  0x000001478fc4e82c: 49ba 181d | 10a7 4701 | 0000 4c89 | 5424 0848 | c704 24ff 

  0x000001478fc4e840: ;   {runtime_call counter_overflow Runtime1 stub}
  0x000001478fc4e840: ffff ffe8 

  0x000001478fc4e844: ; ImmutableOopMap {rdx=Oop rax=Oop [104]=Oop [112]=Oop [128]=Oop [168]=Oop }
                      ;*synchronization entry
                      ; - jdk.internal.loader.BuiltinClassLoader::findClassInModuleOrNull@-1
                      ; - jdk.internal.loader.BuiltinClassLoader::loadClassOrNull@55
  0x000001478fc4e844: b841 6007 | e96c f7ff 

  0x000001478fc4e84c: ;   {metadata({method} {0x00000147a702bcc8} 'getSecurityManager' '()Ljava/lang/SecurityManager;' in 'java/lang/System')}
  0x000001478fc4e84c: ff49 bac0 | bc02 a747 | 0100 004c | 8954 2408 | 48c7 0424 | ffff ffff 

  0x000001478fc4e864: ;   {runtime_call counter_overflow Runtime1 stub}
  0x000001478fc4e864: e897 4160 

  0x000001478fc4e868: ; ImmutableOopMap {rdx=Oop rax=Oop [104]=Oop [112]=Oop [128]=Oop [168]=Oop }
                      ;*synchronization entry
                      ; - java.lang.System::getSecurityManager@-1
                      ; - jdk.internal.loader.BuiltinClassLoader::findClassInModuleOrNull@0
                      ; - jdk.internal.loader.BuiltinClassLoader::loadClassOrNull@55
  0x000001478fc4e868: 07e9 89f7 

  0x000001478fc4e86c: ;   {metadata({method} {0x00000147a702b100} 'allowSecurityManager' '()Z' in 'java/lang/System')}
  0x000001478fc4e86c: ffff 49ba | f8b0 02a7 | 4701 0000 | 4c89 5424 | 0848 c704 | 24ff ffff 

  0x000001478fc4e884: ;   {runtime_call counter_overflow Runtime1 stub}
  0x000001478fc4e884: ffe8 7641 

  0x000001478fc4e888: ; ImmutableOopMap {rdx=Oop rax=Oop [104]=Oop [112]=Oop [128]=Oop [168]=Oop }
                      ;*synchronization entry
                      ; - java.lang.System::allowSecurityManager@-1
                      ; - java.lang.System::getSecurityManager@0
                      ; - jdk.internal.loader.BuiltinClassLoader::findClassInModuleOrNull@0
                      ; - jdk.internal.loader.BuiltinClassLoader::loadClassOrNull@55
  0x000001478fc4e888: 6007 e9a6 

  0x000001478fc4e88c: ;   {runtime_call throw_null_pointer_exception Runtime1 stub}
  0x000001478fc4e88c: f7ff ffe8 

  0x000001478fc4e890: ; ImmutableOopMap {rsi=Oop [104]=Oop [112]=Oop [128]=Oop [168]=Oop }
                      ;*invokevirtual loadClassOrNull {reexecute=0 rethrow=0 return_oop=0}
                      ; - jdk.internal.loader.BuiltinClassLoader::loadClassOrNull@66
  0x000001478fc4e890: 0cdf 5f07 

  0x000001478fc4e894: ;   {metadata({method} {0x00000147a7101aa0} 'loadClassOrNull' '(Ljava/lang/String;)Ljava/lang/Class;' in 'jdk/internal/loader/BuiltinClassLoader')}
  0x000001478fc4e894: 49ba 981a | 10a7 4701 | 0000 4c89 | 5424 0848 | c704 24ff 

  0x000001478fc4e8a8: ;   {runtime_call counter_overflow Runtime1 stub}
  0x000001478fc4e8a8: ffff ffe8 

  0x000001478fc4e8ac: ; ImmutableOopMap {rsi=Oop [104]=Oop [112]=Oop [128]=Oop [168]=Oop }
                      ;*synchronization entry
                      ; - jdk.internal.loader.BuiltinClassLoader::loadClassOrNull@-1
                      ; - jdk.internal.loader.BuiltinClassLoader::loadClassOrNull@66
  0x000001478fc4e8ac: 5041 6007 | e944 f8ff 

  0x000001478fc4e8b4: ;   {runtime_call throw_null_pointer_exception Runtime1 stub}
  0x000001478fc4e8b4: ffe8 e6de 

  0x000001478fc4e8b8: ; ImmutableOopMap {rsi=Oop [104]=Oop [112]=Oop [128]=Oop [168]=Oop }
                      ;*invokevirtual loadClassOrNull {reexecute=0 rethrow=0 return_oop=0}
                      ; - jdk.internal.loader.BuiltinClassLoader::loadClassOrNull@86
                      ;   {metadata({method} {0x00000147a7101aa0} 'loadClassOrNull' '(Ljava/lang/String;)Ljava/lang/Class;' in 'jdk/internal/loader/BuiltinClassLoader')}
  0x000001478fc4e8b8: 5f07 49ba | 981a 10a7 | 4701 0000 | 4c89 5424 | 0848 c704 | 24ff ffff 

  0x000001478fc4e8d0: ;   {runtime_call counter_overflow Runtime1 stub}
  0x000001478fc4e8d0: ffe8 2a41 

  0x000001478fc4e8d4: ; ImmutableOopMap {rsi=Oop [104]=Oop [112]=Oop [128]=Oop [168]=Oop }
                      ;*synchronization entry
                      ; - jdk.internal.loader.BuiltinClassLoader::loadClassOrNull@-1
                      ; - jdk.internal.loader.BuiltinClassLoader::loadClassOrNull@86
  0x000001478fc4e8d4: 6007 e979 

  0x000001478fc4e8d8: ;   {metadata({method} {0x00000147a71008c0} 'hasClassPath' '()Z' in 'jdk/internal/loader/BuiltinClassLoader')}
  0x000001478fc4e8d8: f9ff ff49 | bab8 0810 | a747 0100 | 004c 8954 | 2408 48c7 | 0424 ffff 

  0x000001478fc4e8f0: ;   {runtime_call counter_overflow Runtime1 stub}
  0x000001478fc4e8f0: ffff e809 

  0x000001478fc4e8f4: ; ImmutableOopMap {rdx=Oop rsi=Oop [104]=Oop [112]=Oop [128]=Oop [168]=Oop }
                      ;*synchronization entry
                      ; - jdk.internal.loader.BuiltinClassLoader::hasClassPath@-1
                      ; - jdk.internal.loader.BuiltinClassLoader::loadClassOrNull@97
  0x000001478fc4e8f4: 4160 07e9 | 0cfb ffff 

  0x000001478fc4e8fc: ;   {metadata({method} {0x00000147a7167928} 'isModuleSystemInited' '()Z' in 'jdk/internal/misc/VM')}
  0x000001478fc4e8fc: 49ba 2079 | 16a7 4701 | 0000 4c89 | 5424 0848 | c704 24ff 

  0x000001478fc4e910: ;   {runtime_call counter_overflow Runtime1 stub}
  0x000001478fc4e910: ffff ffe8 

  0x000001478fc4e914: ; ImmutableOopMap {rdx=Oop rsi=Oop [104]=Oop [112]=Oop [128]=Oop [168]=Oop }
                      ;*synchronization entry
                      ; - jdk.internal.misc.VM::isModuleSystemInited@-1
                      ; - jdk.internal.loader.BuiltinClassLoader::loadClassOrNull@103
  0x000001478fc4e914: e840 6007 | e9b2 fbff 

  0x000001478fc4e91c: ;   {metadata({method} {0x00000147a70256a8} 'resolveClass' '(Ljava/lang/Class;)V' in 'java/lang/ClassLoader')}
  0x000001478fc4e91c: ff49 baa0 | 5602 a747 | 0100 004c | 8954 2408 | 48c7 0424 | ffff ffff 

  0x000001478fc4e934: ;   {runtime_call counter_overflow Runtime1 stub}
  0x000001478fc4e934: e8c7 4060 

  0x000001478fc4e938: ; ImmutableOopMap {rsi=Oop [128]=Oop [168]=Oop }
                      ;*synchronization entry
                      ; - java.lang.ClassLoader::resolveClass@-1
                      ; - jdk.internal.loader.BuiltinClassLoader::loadClassOrNull@128
  0x000001478fc4e938: 07e9 fafc | ffff 488d | 8424 a000 | 0000 4889 

  0x000001478fc4e948: ;   {runtime_call monitorexit_nofpu Runtime1 stub}
  0x000001478fc4e948: 0424 e831 | 1d60 07e9 | 3dfd ffff 

  0x000001478fc4e954: ;   {internal_word}
  0x000001478fc4e954: 49ba 9ce6 | c48f 4701 | 0000 4d89 | 9760 0400 

  0x000001478fc4e964: ;   {runtime_call SafepointBlob}
  0x000001478fc4e964: 00e9 1682 

  0x000001478fc4e968: ;   {metadata(nullptr)}
  0x000001478fc4e968: 5307 48ba | 0000 0000 | 0000 0000 | b800 0f05 

  0x000001478fc4e978: ;   {runtime_call load_klass_patching Runtime1 stub}
  0x000001478fc4e978: 0ae8 022a 

  0x000001478fc4e97c: ; ImmutableOopMap {[128]=Oop [152]=Oop [168]=Oop }
                      ;*new {reexecute=1 rethrow=0 return_oop=0}
                      ; - (reexecute) java.lang.ClassLoader::resolveClass@4
                      ; - jdk.internal.loader.BuiltinClassLoader::loadClassOrNull@128
  0x000001478fc4e97c: 6007 e935 | fdff ff48 

  0x000001478fc4e984: ;   {runtime_call fast_new_instance Runtime1 stub}
  0x000001478fc4e984: 8bd2 e8f5 

  0x000001478fc4e988: ; ImmutableOopMap {[128]=Oop [152]=Oop [168]=Oop }
                      ;*new {reexecute=0 rethrow=0 return_oop=0}
                      ; - java.lang.ClassLoader::resolveClass@4
                      ; - jdk.internal.loader.BuiltinClassLoader::loadClassOrNull@128
  0x000001478fc4e988: e85f 07e9 | 84fd ffff | 488d 8424 | a000 0000 | 4889 0424 

  0x000001478fc4e99c: ;   {runtime_call monitorexit_nofpu Runtime1 stub}
  0x000001478fc4e99c: e8df 1c60 | 07e9 fefd | ffff 498b | 87f8 0400 | 0049 c787 | f804 0000 | 0000 0000 | 49c7 8700 
  0x000001478fc4e9bc: 0500 0000 | 0000 0048 | 81c4 c000 

  0x000001478fc4e9c8: ;   {runtime_call unwind_exception Runtime1 stub}
  0x000001478fc4e9c8: 0000 5de9 | b0ce 5f07 
[Stub Code]
  0x000001478fc4e9d0: ;   {no_reloc}
  0x000001478fc4e9d0: 0f1f 4400 

  0x000001478fc4e9d4: ;   {static_stub}
  0x000001478fc4e9d4: 0048 bb00 | 0000 0000 

  0x000001478fc4e9dc: ;   {runtime_call nmethod}
  0x000001478fc4e9dc: 0000 00e9 | fbff ffff 

  0x000001478fc4e9e4: ;   {static_stub}
  0x000001478fc4e9e4: 9048 bb00 | 0000 0000 

  0x000001478fc4e9ec: ;   {runtime_call nmethod}
  0x000001478fc4e9ec: 0000 00e9 | fbff ffff 

  0x000001478fc4e9f4: ;   {static_stub}
  0x000001478fc4e9f4: 9048 bb00 | 0000 0000 

  0x000001478fc4e9fc: ;   {runtime_call nmethod}
  0x000001478fc4e9fc: 0000 00e9 | fbff ffff 

  0x000001478fc4ea04: ;   {static_stub}
  0x000001478fc4ea04: 48bb 0000 | 0000 0000 

  0x000001478fc4ea0c: ;   {runtime_call nmethod}
  0x000001478fc4ea0c: 0000 e9fb 

  0x000001478fc4ea10: ;   {static_stub}
  0x000001478fc4ea10: ffff ff48 | bb68 1b10 | a747 0100 

  0x000001478fc4ea1c: ;   {runtime_call I2C/C2I adapters}
  0x000001478fc4ea1c: 00e9 e564 

  0x000001478fc4ea20: ;   {static_stub}
  0x000001478fc4ea20: 5307 48bb | 0000 0000 | 0000 0000 

  0x000001478fc4ea2c: ;   {runtime_call nmethod}
  0x000001478fc4ea2c: e9fb ffff 

  0x000001478fc4ea30: ;   {static_stub}
  0x000001478fc4ea30: ff48 bb20 | 1e10 a747 

  0x000001478fc4ea38: ;   {runtime_call I2C/C2I adapters}
  0x000001478fc4ea38: 0100 00e9 | c764 5307 

  0x000001478fc4ea40: ;   {static_stub}
  0x000001478fc4ea40: 48bb 0000 | 0000 0000 

  0x000001478fc4ea48: ;   {runtime_call nmethod}
  0x000001478fc4ea48: 0000 e9fb 

  0x000001478fc4ea4c: ;   {static_stub}
  0x000001478fc4ea4c: ffff ff48 | bb00 0000 | 0000 0000 

  0x000001478fc4ea58: ;   {runtime_call nmethod}
  0x000001478fc4ea58: 00e9 fbff 

  0x000001478fc4ea5c: ;   {runtime_call handle_exception_from_callee Runtime1 stub}
  0x000001478fc4ea5c: ffff e81d 

  0x000001478fc4ea60: ;   {external_word}
  0x000001478fc4ea60: 0360 0748 | b940 de71 | b1fc 7f00 | 0048 83e4 

  0x000001478fc4ea70: ;   {runtime_call}
  0x000001478fc4ea70: f048 b8b0 | 7940 b1fc | 7f00 00ff 

  0x000001478fc4ea7c: ;   {section_word}
  0x000001478fc4ea7c: d0f4 49ba | 7eea c48f | 4701 0000 

  0x000001478fc4ea88: ;   {runtime_call DeoptimizationBlob}
  0x000001478fc4ea88: 4152 e991 | 9553 07f4 
[/MachCode]


---------------  P R O C E S S  ---------------

Threads class SMR info:
_java_thread_list=0x00000147ab3308a0, length=11, elements={
0x000001478caa91d0, 0x00000147a69fed40, 0x00000147a69ff890, 0x00000147a69da120,
0x00000147a69dab70, 0x00000147a6a09670, 0x00000147a6a0a0c0, 0x00000147a69e7b40,
0x00000147a6a1e5b0, 0x00000147a6bba180, 0x00000147a6bc58f0
}

Java Threads: ( => current thread )
=>0x000001478caa91d0 JavaThread "main"                              [_thread_in_vm, id=5244, stack(0x0000003b34900000,0x0000003b34a00000) (1024K)]
  0x00000147a69fed40 JavaThread "Reference Handler"          daemon [_thread_blocked, id=10220, stack(0x0000003b35100000,0x0000003b35200000) (1024K)]
  0x00000147a69ff890 JavaThread "Finalizer"                  daemon [_thread_blocked, id=5252, stack(0x0000003b35200000,0x0000003b35300000) (1024K)]
  0x00000147a69da120 JavaThread "Signal Dispatcher"          daemon [_thread_blocked, id=2972, stack(0x0000003b35300000,0x0000003b35400000) (1024K)]
  0x00000147a69dab70 JavaThread "Attach Listener"            daemon [_thread_blocked, id=19740, stack(0x0000003b35400000,0x0000003b35500000) (1024K)]
  0x00000147a6a09670 JavaThread "Service Thread"             daemon [_thread_blocked, id=19264, stack(0x0000003b35500000,0x0000003b35600000) (1024K)]
  0x00000147a6a0a0c0 JavaThread "Monitor Deflation Thread"   daemon [_thread_blocked, id=15252, stack(0x0000003b35600000,0x0000003b35700000) (1024K)]
  0x00000147a69e7b40 JavaThread "C2 CompilerThread0"         daemon [_thread_blocked, id=9536, stack(0x0000003b35700000,0x0000003b35800000) (1024K)]
  0x00000147a6a1e5b0 JavaThread "C1 CompilerThread0"         daemon [_thread_blocked, id=9724, stack(0x0000003b35800000,0x0000003b35900000) (1024K)]
  0x00000147a6bba180 JavaThread "Notification Thread"        daemon [_thread_blocked, id=8948, stack(0x0000003b35900000,0x0000003b35a00000) (1024K)]
  0x00000147a6bc58f0 JavaThread "Common-Cleaner"             daemon [_thread_blocked, id=14748, stack(0x0000003b35a00000,0x0000003b35b00000) (1024K)]
Total: 11

Other Threads:
  0x00000147a6988670 VMThread "VM Thread"                           [id=5892, stack(0x0000003b35000000,0x0000003b35100000) (1024K)] _threads_hazard_ptr=0x00000147ab3308a0
  0x00000147a67d3250 WatcherThread "VM Periodic Task Thread"        [id=17300, stack(0x0000003b34f00000,0x0000003b35000000) (1024K)]
  0x000001478cb0d5b0 WorkerThread "GC Thread#0"                     [id=16664, stack(0x0000003b34a00000,0x0000003b34b00000) (1024K)]
  0x000001478cb1e0d0 ConcurrentGCThread "G1 Main Marker"            [id=4708, stack(0x0000003b34b00000,0x0000003b34c00000) (1024K)]
  0x000001478cb1ebd0 WorkerThread "G1 Conc#0"                       [id=456, stack(0x0000003b34c00000,0x0000003b34d00000) (1024K)]
  0x00000147a66a4db0 ConcurrentGCThread "G1 Refine#0"               [id=14888, stack(0x0000003b34d00000,0x0000003b34e00000) (1024K)]
  0x00000147a66a55d0 ConcurrentGCThread "G1 Service"                [id=7868, stack(0x0000003b34e00000,0x0000003b34f00000) (1024K)]
Total: 7

Threads with active compile tasks:
Total: 0

VM state: synchronizing (normal execution)

VM Mutex/Monitor currently owned by a thread:  ([mutex/lock_event])
[0x00007ffcb198c1a0] Metaspace_lock - owner thread: 0x000001478caa91d0
[0x00007ffcb198e3a0] Threads_lock - owner thread: 0x00000147a6988670

Heap address: 0x0000000704c00000, size: 4020 MB, Compressed Oops mode: Zero based, Oop shift amount: 3

CDS archive(s) not mapped
Compressed class space mapped at: 0x0000000800000000-0x0000000840000000, reserved size: 1073741824
Narrow klass base: 0x0000000800000000, Narrow klass shift: 0, Narrow klass range: 0x40000000

GC Precious Log:
 CardTable entry size: 512
 Card Set container configuration: InlinePtr #cards 4 size 8 Array Of Cards #cards 16 size 48 Howl #buckets 8 coarsen threshold 3686 Howl Bitmap #cards 512 size 80 coarsen threshold 460 Card regions per heap region 1 cards per card region 4096
 CPUs: 8 total, 8 available
 Memory: 16078M
 Large Page Support: Disabled
 NUMA Support: Disabled
 Compressed Oops: Enabled (Zero based)
 Heap Region Size: 2M
 Heap Min Capacity: 8M
 Heap Initial Capacity: 252M
 Heap Max Capacity: 4020M
 Pre-touch: Disabled
 Parallel Workers: 8
 Concurrent Workers: 2
 Concurrent Refinement Workers: 8
 Periodic GC: Disabled

Heap:
 garbage-first heap   total 258048K, used 14336K [0x0000000704c00000, 0x0000000800000000)
  region size 2048K, 7 young (14336K), 0 survivors (0K)
 Metaspace       used 10442K, committed 10560K, reserved 1114112K
  class space    used 838K, committed 896K, reserved 1048576K

Heap Regions: E=young(eden), S=young(survivor), O=old, HS=humongous(starts), HC=humongous(continues), CS=collection set, F=free, TAMS=top-at-mark-start, PB=parsable bottom
|   0|0x0000000704c00000, 0x0000000704e00000, 0x0000000704e00000|100%|HS|  |TAMS 0x0000000704c00000| PB 0x0000000704c00000| Complete 
|   1|0x0000000704e00000, 0x0000000705000000, 0x0000000705000000|100%|HC|  |TAMS 0x0000000704e00000| PB 0x0000000704e00000| Complete 
|   2|0x0000000705000000, 0x0000000705000000, 0x0000000705200000|  0%| F|  |TAMS 0x0000000705000000| PB 0x0000000705000000| Untracked 
|   3|0x0000000705200000, 0x0000000705200000, 0x0000000705400000|  0%| F|  |TAMS 0x0000000705200000| PB 0x0000000705200000| Untracked 
|   4|0x0000000705400000, 0x0000000705400000, 0x0000000705600000|  0%| F|  |TAMS 0x0000000705400000| PB 0x0000000705400000| Untracked 
|   5|0x0000000705600000, 0x0000000705600000, 0x0000000705800000|  0%| F|  |TAMS 0x0000000705600000| PB 0x0000000705600000| Untracked 
|   6|0x0000000705800000, 0x0000000705800000, 0x0000000705a00000|  0%| F|  |TAMS 0x0000000705800000| PB 0x0000000705800000| Untracked 
|   7|0x0000000705a00000, 0x0000000705a00000, 0x0000000705c00000|  0%| F|  |TAMS 0x0000000705a00000| PB 0x0000000705a00000| Untracked 
|   8|0x0000000705c00000, 0x0000000705c00000, 0x0000000705e00000|  0%| F|  |TAMS 0x0000000705c00000| PB 0x0000000705c00000| Untracked 
|   9|0x0000000705e00000, 0x0000000705e00000, 0x0000000706000000|  0%| F|  |TAMS 0x0000000705e00000| PB 0x0000000705e00000| Untracked 
|  10|0x0000000706000000, 0x0000000706000000, 0x0000000706200000|  0%| F|  |TAMS 0x0000000706000000| PB 0x0000000706000000| Untracked 
|  11|0x0000000706200000, 0x0000000706200000, 0x0000000706400000|  0%| F|  |TAMS 0x0000000706200000| PB 0x0000000706200000| Untracked 
|  12|0x0000000706400000, 0x0000000706400000, 0x0000000706600000|  0%| F|  |TAMS 0x0000000706400000| PB 0x0000000706400000| Untracked 
|  13|0x0000000706600000, 0x0000000706600000, 0x0000000706800000|  0%| F|  |TAMS 0x0000000706600000| PB 0x0000000706600000| Untracked 
|  14|0x0000000706800000, 0x0000000706800000, 0x0000000706a00000|  0%| F|  |TAMS 0x0000000706800000| PB 0x0000000706800000| Untracked 
|  15|0x0000000706a00000, 0x0000000706a00000, 0x0000000706c00000|  0%| F|  |TAMS 0x0000000706a00000| PB 0x0000000706a00000| Untracked 
|  16|0x0000000706c00000, 0x0000000706c00000, 0x0000000706e00000|  0%| F|  |TAMS 0x0000000706c00000| PB 0x0000000706c00000| Untracked 
|  17|0x0000000706e00000, 0x0000000706e00000, 0x0000000707000000|  0%| F|  |TAMS 0x0000000706e00000| PB 0x0000000706e00000| Untracked 
|  18|0x0000000707000000, 0x0000000707000000, 0x0000000707200000|  0%| F|  |TAMS 0x0000000707000000| PB 0x0000000707000000| Untracked 
|  19|0x0000000707200000, 0x0000000707200000, 0x0000000707400000|  0%| F|  |TAMS 0x0000000707200000| PB 0x0000000707200000| Untracked 
|  20|0x0000000707400000, 0x0000000707400000, 0x0000000707600000|  0%| F|  |TAMS 0x0000000707400000| PB 0x0000000707400000| Untracked 
|  21|0x0000000707600000, 0x0000000707600000, 0x0000000707800000|  0%| F|  |TAMS 0x0000000707600000| PB 0x0000000707600000| Untracked 
|  22|0x0000000707800000, 0x0000000707800000, 0x0000000707a00000|  0%| F|  |TAMS 0x0000000707800000| PB 0x0000000707800000| Untracked 
|  23|0x0000000707a00000, 0x0000000707a00000, 0x0000000707c00000|  0%| F|  |TAMS 0x0000000707a00000| PB 0x0000000707a00000| Untracked 
|  24|0x0000000707c00000, 0x0000000707c00000, 0x0000000707e00000|  0%| F|  |TAMS 0x0000000707c00000| PB 0x0000000707c00000| Untracked 
|  25|0x0000000707e00000, 0x0000000707e00000, 0x0000000708000000|  0%| F|  |TAMS 0x0000000707e00000| PB 0x0000000707e00000| Untracked 
|  26|0x0000000708000000, 0x0000000708000000, 0x0000000708200000|  0%| F|  |TAMS 0x0000000708000000| PB 0x0000000708000000| Untracked 
|  27|0x0000000708200000, 0x0000000708200000, 0x0000000708400000|  0%| F|  |TAMS 0x0000000708200000| PB 0x0000000708200000| Untracked 
|  28|0x0000000708400000, 0x0000000708400000, 0x0000000708600000|  0%| F|  |TAMS 0x0000000708400000| PB 0x0000000708400000| Untracked 
|  29|0x0000000708600000, 0x0000000708600000, 0x0000000708800000|  0%| F|  |TAMS 0x0000000708600000| PB 0x0000000708600000| Untracked 
|  30|0x0000000708800000, 0x0000000708800000, 0x0000000708a00000|  0%| F|  |TAMS 0x0000000708800000| PB 0x0000000708800000| Untracked 
|  31|0x0000000708a00000, 0x0000000708a00000, 0x0000000708c00000|  0%| F|  |TAMS 0x0000000708a00000| PB 0x0000000708a00000| Untracked 
|  32|0x0000000708c00000, 0x0000000708c00000, 0x0000000708e00000|  0%| F|  |TAMS 0x0000000708c00000| PB 0x0000000708c00000| Untracked 
|  33|0x0000000708e00000, 0x0000000708e00000, 0x0000000709000000|  0%| F|  |TAMS 0x0000000708e00000| PB 0x0000000708e00000| Untracked 
|  34|0x0000000709000000, 0x0000000709000000, 0x0000000709200000|  0%| F|  |TAMS 0x0000000709000000| PB 0x0000000709000000| Untracked 
|  35|0x0000000709200000, 0x0000000709200000, 0x0000000709400000|  0%| F|  |TAMS 0x0000000709200000| PB 0x0000000709200000| Untracked 
|  36|0x0000000709400000, 0x0000000709400000, 0x0000000709600000|  0%| F|  |TAMS 0x0000000709400000| PB 0x0000000709400000| Untracked 
|  37|0x0000000709600000, 0x0000000709600000, 0x0000000709800000|  0%| F|  |TAMS 0x0000000709600000| PB 0x0000000709600000| Untracked 
|  38|0x0000000709800000, 0x0000000709800000, 0x0000000709a00000|  0%| F|  |TAMS 0x0000000709800000| PB 0x0000000709800000| Untracked 
|  39|0x0000000709a00000, 0x0000000709a00000, 0x0000000709c00000|  0%| F|  |TAMS 0x0000000709a00000| PB 0x0000000709a00000| Untracked 
|  40|0x0000000709c00000, 0x0000000709c00000, 0x0000000709e00000|  0%| F|  |TAMS 0x0000000709c00000| PB 0x0000000709c00000| Untracked 
|  41|0x0000000709e00000, 0x0000000709e00000, 0x000000070a000000|  0%| F|  |TAMS 0x0000000709e00000| PB 0x0000000709e00000| Untracked 
|  42|0x000000070a000000, 0x000000070a000000, 0x000000070a200000|  0%| F|  |TAMS 0x000000070a000000| PB 0x000000070a000000| Untracked 
|  43|0x000000070a200000, 0x000000070a200000, 0x000000070a400000|  0%| F|  |TAMS 0x000000070a200000| PB 0x000000070a200000| Untracked 
|  44|0x000000070a400000, 0x000000070a400000, 0x000000070a600000|  0%| F|  |TAMS 0x000000070a400000| PB 0x000000070a400000| Untracked 
|  45|0x000000070a600000, 0x000000070a600000, 0x000000070a800000|  0%| F|  |TAMS 0x000000070a600000| PB 0x000000070a600000| Untracked 
|  46|0x000000070a800000, 0x000000070a800000, 0x000000070aa00000|  0%| F|  |TAMS 0x000000070a800000| PB 0x000000070a800000| Untracked 
|  47|0x000000070aa00000, 0x000000070aa00000, 0x000000070ac00000|  0%| F|  |TAMS 0x000000070aa00000| PB 0x000000070aa00000| Untracked 
|  48|0x000000070ac00000, 0x000000070ac00000, 0x000000070ae00000|  0%| F|  |TAMS 0x000000070ac00000| PB 0x000000070ac00000| Untracked 
|  49|0x000000070ae00000, 0x000000070ae00000, 0x000000070b000000|  0%| F|  |TAMS 0x000000070ae00000| PB 0x000000070ae00000| Untracked 
|  50|0x000000070b000000, 0x000000070b000000, 0x000000070b200000|  0%| F|  |TAMS 0x000000070b000000| PB 0x000000070b000000| Untracked 
|  51|0x000000070b200000, 0x000000070b200000, 0x000000070b400000|  0%| F|  |TAMS 0x000000070b200000| PB 0x000000070b200000| Untracked 
|  52|0x000000070b400000, 0x000000070b400000, 0x000000070b600000|  0%| F|  |TAMS 0x000000070b400000| PB 0x000000070b400000| Untracked 
|  53|0x000000070b600000, 0x000000070b600000, 0x000000070b800000|  0%| F|  |TAMS 0x000000070b600000| PB 0x000000070b600000| Untracked 
|  54|0x000000070b800000, 0x000000070b800000, 0x000000070ba00000|  0%| F|  |TAMS 0x000000070b800000| PB 0x000000070b800000| Untracked 
|  55|0x000000070ba00000, 0x000000070ba00000, 0x000000070bc00000|  0%| F|  |TAMS 0x000000070ba00000| PB 0x000000070ba00000| Untracked 
|  56|0x000000070bc00000, 0x000000070bc00000, 0x000000070be00000|  0%| F|  |TAMS 0x000000070bc00000| PB 0x000000070bc00000| Untracked 
|  57|0x000000070be00000, 0x000000070be00000, 0x000000070c000000|  0%| F|  |TAMS 0x000000070be00000| PB 0x000000070be00000| Untracked 
|  58|0x000000070c000000, 0x000000070c000000, 0x000000070c200000|  0%| F|  |TAMS 0x000000070c000000| PB 0x000000070c000000| Untracked 
|  59|0x000000070c200000, 0x000000070c200000, 0x000000070c400000|  0%| F|  |TAMS 0x000000070c200000| PB 0x000000070c200000| Untracked 
|  60|0x000000070c400000, 0x000000070c400000, 0x000000070c600000|  0%| F|  |TAMS 0x000000070c400000| PB 0x000000070c400000| Untracked 
|  61|0x000000070c600000, 0x000000070c600000, 0x000000070c800000|  0%| F|  |TAMS 0x000000070c600000| PB 0x000000070c600000| Untracked 
|  62|0x000000070c800000, 0x000000070c800000, 0x000000070ca00000|  0%| F|  |TAMS 0x000000070c800000| PB 0x000000070c800000| Untracked 
|  63|0x000000070ca00000, 0x000000070ca00000, 0x000000070cc00000|  0%| F|  |TAMS 0x000000070ca00000| PB 0x000000070ca00000| Untracked 
|  64|0x000000070cc00000, 0x000000070cc00000, 0x000000070ce00000|  0%| F|  |TAMS 0x000000070cc00000| PB 0x000000070cc00000| Untracked 
|  65|0x000000070ce00000, 0x000000070ce00000, 0x000000070d000000|  0%| F|  |TAMS 0x000000070ce00000| PB 0x000000070ce00000| Untracked 
|  66|0x000000070d000000, 0x000000070d000000, 0x000000070d200000|  0%| F|  |TAMS 0x000000070d000000| PB 0x000000070d000000| Untracked 
|  67|0x000000070d200000, 0x000000070d200000, 0x000000070d400000|  0%| F|  |TAMS 0x000000070d200000| PB 0x000000070d200000| Untracked 
|  68|0x000000070d400000, 0x000000070d400000, 0x000000070d600000|  0%| F|  |TAMS 0x000000070d400000| PB 0x000000070d400000| Untracked 
|  69|0x000000070d600000, 0x000000070d600000, 0x000000070d800000|  0%| F|  |TAMS 0x000000070d600000| PB 0x000000070d600000| Untracked 
|  70|0x000000070d800000, 0x000000070d800000, 0x000000070da00000|  0%| F|  |TAMS 0x000000070d800000| PB 0x000000070d800000| Untracked 
|  71|0x000000070da00000, 0x000000070da00000, 0x000000070dc00000|  0%| F|  |TAMS 0x000000070da00000| PB 0x000000070da00000| Untracked 
|  72|0x000000070dc00000, 0x000000070dc00000, 0x000000070de00000|  0%| F|  |TAMS 0x000000070dc00000| PB 0x000000070dc00000| Untracked 
|  73|0x000000070de00000, 0x000000070de00000, 0x000000070e000000|  0%| F|  |TAMS 0x000000070de00000| PB 0x000000070de00000| Untracked 
|  74|0x000000070e000000, 0x000000070e000000, 0x000000070e200000|  0%| F|  |TAMS 0x000000070e000000| PB 0x000000070e000000| Untracked 
|  75|0x000000070e200000, 0x000000070e200000, 0x000000070e400000|  0%| F|  |TAMS 0x000000070e200000| PB 0x000000070e200000| Untracked 
|  76|0x000000070e400000, 0x000000070e400000, 0x000000070e600000|  0%| F|  |TAMS 0x000000070e400000| PB 0x000000070e400000| Untracked 
|  77|0x000000070e600000, 0x000000070e600000, 0x000000070e800000|  0%| F|  |TAMS 0x000000070e600000| PB 0x000000070e600000| Untracked 
|  78|0x000000070e800000, 0x000000070e800000, 0x000000070ea00000|  0%| F|  |TAMS 0x000000070e800000| PB 0x000000070e800000| Untracked 
|  79|0x000000070ea00000, 0x000000070ea00000, 0x000000070ec00000|  0%| F|  |TAMS 0x000000070ea00000| PB 0x000000070ea00000| Untracked 
|  80|0x000000070ec00000, 0x000000070ec00000, 0x000000070ee00000|  0%| F|  |TAMS 0x000000070ec00000| PB 0x000000070ec00000| Untracked 
|  81|0x000000070ee00000, 0x000000070ee00000, 0x000000070f000000|  0%| F|  |TAMS 0x000000070ee00000| PB 0x000000070ee00000| Untracked 
|  82|0x000000070f000000, 0x000000070f000000, 0x000000070f200000|  0%| F|  |TAMS 0x000000070f000000| PB 0x000000070f000000| Untracked 
|  83|0x000000070f200000, 0x000000070f200000, 0x000000070f400000|  0%| F|  |TAMS 0x000000070f200000| PB 0x000000070f200000| Untracked 
|  84|0x000000070f400000, 0x000000070f400000, 0x000000070f600000|  0%| F|  |TAMS 0x000000070f400000| PB 0x000000070f400000| Untracked 
|  85|0x000000070f600000, 0x000000070f600000, 0x000000070f800000|  0%| F|  |TAMS 0x000000070f600000| PB 0x000000070f600000| Untracked 
|  86|0x000000070f800000, 0x000000070f800000, 0x000000070fa00000|  0%| F|  |TAMS 0x000000070f800000| PB 0x000000070f800000| Untracked 
|  87|0x000000070fa00000, 0x000000070fa00000, 0x000000070fc00000|  0%| F|  |TAMS 0x000000070fa00000| PB 0x000000070fa00000| Untracked 
|  88|0x000000070fc00000, 0x000000070fc00000, 0x000000070fe00000|  0%| F|  |TAMS 0x000000070fc00000| PB 0x000000070fc00000| Untracked 
|  89|0x000000070fe00000, 0x000000070fe00000, 0x0000000710000000|  0%| F|  |TAMS 0x000000070fe00000| PB 0x000000070fe00000| Untracked 
|  90|0x0000000710000000, 0x0000000710000000, 0x0000000710200000|  0%| F|  |TAMS 0x0000000710000000| PB 0x0000000710000000| Untracked 
|  91|0x0000000710200000, 0x0000000710200000, 0x0000000710400000|  0%| F|  |TAMS 0x0000000710200000| PB 0x0000000710200000| Untracked 
|  92|0x0000000710400000, 0x0000000710400000, 0x0000000710600000|  0%| F|  |TAMS 0x0000000710400000| PB 0x0000000710400000| Untracked 
|  93|0x0000000710600000, 0x0000000710600000, 0x0000000710800000|  0%| F|  |TAMS 0x0000000710600000| PB 0x0000000710600000| Untracked 
|  94|0x0000000710800000, 0x0000000710800000, 0x0000000710a00000|  0%| F|  |TAMS 0x0000000710800000| PB 0x0000000710800000| Untracked 
|  95|0x0000000710a00000, 0x0000000710a00000, 0x0000000710c00000|  0%| F|  |TAMS 0x0000000710a00000| PB 0x0000000710a00000| Untracked 
|  96|0x0000000710c00000, 0x0000000710c00000, 0x0000000710e00000|  0%| F|  |TAMS 0x0000000710c00000| PB 0x0000000710c00000| Untracked 
|  97|0x0000000710e00000, 0x0000000710e00000, 0x0000000711000000|  0%| F|  |TAMS 0x0000000710e00000| PB 0x0000000710e00000| Untracked 
|  98|0x0000000711000000, 0x0000000711000000, 0x0000000711200000|  0%| F|  |TAMS 0x0000000711000000| PB 0x0000000711000000| Untracked 
|  99|0x0000000711200000, 0x0000000711200000, 0x0000000711400000|  0%| F|  |TAMS 0x0000000711200000| PB 0x0000000711200000| Untracked 
| 100|0x0000000711400000, 0x0000000711400000, 0x0000000711600000|  0%| F|  |TAMS 0x0000000711400000| PB 0x0000000711400000| Untracked 
| 101|0x0000000711600000, 0x0000000711600000, 0x0000000711800000|  0%| F|  |TAMS 0x0000000711600000| PB 0x0000000711600000| Untracked 
| 102|0x0000000711800000, 0x0000000711800000, 0x0000000711a00000|  0%| F|  |TAMS 0x0000000711800000| PB 0x0000000711800000| Untracked 
| 103|0x0000000711a00000, 0x0000000711a00000, 0x0000000711c00000|  0%| F|  |TAMS 0x0000000711a00000| PB 0x0000000711a00000| Untracked 
| 104|0x0000000711c00000, 0x0000000711c00000, 0x0000000711e00000|  0%| F|  |TAMS 0x0000000711c00000| PB 0x0000000711c00000| Untracked 
| 105|0x0000000711e00000, 0x0000000711e00000, 0x0000000712000000|  0%| F|  |TAMS 0x0000000711e00000| PB 0x0000000711e00000| Untracked 
| 106|0x0000000712000000, 0x0000000712000000, 0x0000000712200000|  0%| F|  |TAMS 0x0000000712000000| PB 0x0000000712000000| Untracked 
| 107|0x0000000712200000, 0x0000000712200000, 0x0000000712400000|  0%| F|  |TAMS 0x0000000712200000| PB 0x0000000712200000| Untracked 
| 108|0x0000000712400000, 0x0000000712400000, 0x0000000712600000|  0%| F|  |TAMS 0x0000000712400000| PB 0x0000000712400000| Untracked 
| 109|0x0000000712600000, 0x0000000712600000, 0x0000000712800000|  0%| F|  |TAMS 0x0000000712600000| PB 0x0000000712600000| Untracked 
| 110|0x0000000712800000, 0x0000000712800000, 0x0000000712a00000|  0%| F|  |TAMS 0x0000000712800000| PB 0x0000000712800000| Untracked 
| 111|0x0000000712a00000, 0x0000000712a00000, 0x0000000712c00000|  0%| F|  |TAMS 0x0000000712a00000| PB 0x0000000712a00000| Untracked 
| 112|0x0000000712c00000, 0x0000000712c00000, 0x0000000712e00000|  0%| F|  |TAMS 0x0000000712c00000| PB 0x0000000712c00000| Untracked 
| 113|0x0000000712e00000, 0x0000000712e00000, 0x0000000713000000|  0%| F|  |TAMS 0x0000000712e00000| PB 0x0000000712e00000| Untracked 
| 114|0x0000000713000000, 0x0000000713000000, 0x0000000713200000|  0%| F|  |TAMS 0x0000000713000000| PB 0x0000000713000000| Untracked 
| 115|0x0000000713200000, 0x0000000713200000, 0x0000000713400000|  0%| F|  |TAMS 0x0000000713200000| PB 0x0000000713200000| Untracked 
| 116|0x0000000713400000, 0x0000000713400000, 0x0000000713600000|  0%| F|  |TAMS 0x0000000713400000| PB 0x0000000713400000| Untracked 
| 117|0x0000000713600000, 0x0000000713600000, 0x0000000713800000|  0%| F|  |TAMS 0x0000000713600000| PB 0x0000000713600000| Untracked 
| 118|0x0000000713800000, 0x0000000713800000, 0x0000000713a00000|  0%| F|  |TAMS 0x0000000713800000| PB 0x0000000713800000| Untracked 
| 119|0x0000000713a00000, 0x0000000713b554a0, 0x0000000713c00000| 66%| E|  |TAMS 0x0000000713a00000| PB 0x0000000713a00000| Complete 
| 120|0x0000000713c00000, 0x0000000713e00000, 0x0000000713e00000|100%| E|CS|TAMS 0x0000000713c00000| PB 0x0000000713c00000| Complete 
| 121|0x0000000713e00000, 0x0000000714000000, 0x0000000714000000|100%| E|CS|TAMS 0x0000000713e00000| PB 0x0000000713e00000| Complete 
| 122|0x0000000714000000, 0x0000000714200000, 0x0000000714200000|100%| E|  |TAMS 0x0000000714000000| PB 0x0000000714000000| Complete 
| 123|0x0000000714200000, 0x0000000714400000, 0x0000000714400000|100%| E|CS|TAMS 0x0000000714200000| PB 0x0000000714200000| Complete 
| 124|0x0000000714400000, 0x0000000714600000, 0x0000000714600000|100%| E|CS|TAMS 0x0000000714400000| PB 0x0000000714400000| Complete 
| 125|0x0000000714600000, 0x0000000714800000, 0x0000000714800000|100%| E|CS|TAMS 0x0000000714600000| PB 0x0000000714600000| Complete 

Card table byte_map: [0x000001479f720000,0x000001479ff00000] _byte_map_base: 0x000001479befa000

Marking Bits: (CMBitMap*) 0x000001478cb0dcb0
 Bits: [0x000001479ff00000, 0x00000147a3dd0000)

Polling page: 0x000001478aaf0000

Metaspace:

Usage:
  Non-class:      9.38 MB used.
      Class:    838.73 KB used.
       Both:     10.20 MB used.

Virtual space:
  Non-class space:       64.00 MB reserved,       9.44 MB ( 15%) committed,  1 nodes.
      Class space:        1.00 GB reserved,     896.00 KB ( <1%) committed,  1 nodes.
             Both:        1.06 GB reserved,      10.31 MB ( <1%) committed. 

Chunk freelists:
   Non-Class:  5.86 MB
       Class:  15.08 MB
        Both:  20.94 MB

MaxMetaspaceSize: unlimited
CompressedClassSpaceSize: 1.00 GB
Initial GC threshold: 21.00 MB
Current GC threshold: 21.00 MB
CDS: off
 - commit_granule_bytes: 65536.
 - commit_granule_words: 8192.
 - virtual_space_node_default_size: 8388608.
 - enlarge_chunks_in_place: 1.
 - use_allocation_guard: 0.


Internal statistics:

num_allocs_failed_limit: 0.
num_arena_births: 48.
num_arena_deaths: 0.
num_vsnodes_births: 2.
num_vsnodes_deaths: 0.
num_space_committed: 165.
num_space_uncommitted: 0.
num_chunks_returned_to_freelist: 0.
num_chunks_taken_from_freelist: 173.
num_chunk_merges: 0.
num_chunk_splits: 120.
num_chunks_enlarged: 97.
num_inconsistent_stats: 0.

CodeHeap 'non-profiled nmethods': size=120000Kb used=220Kb max_used=220Kb free=119780Kb
 bounds [0x00000147976d0000, 0x0000014797940000, 0x000001479ec00000]
CodeHeap 'profiled nmethods': size=120000Kb used=937Kb max_used=937Kb free=119062Kb
 bounds [0x000001478fc00000, 0x000001478fe70000, 0x0000014797130000]
CodeHeap 'non-nmethods': size=5760Kb used=1421Kb max_used=1450Kb free=4338Kb
 bounds [0x0000014797130000, 0x00000147973a0000, 0x00000147976d0000]
 total_blobs=1067 nmethods=638 adapters=334
 compilation: enabled
              stopped_count=0, restarted_count=0
 full_count=0

Compilation events (20 events):
Event: 6.349 Thread 0x00000147a6a1e5b0  631       3       kotlin.text.StringsKt__StringsJVMKt::startsWith$default (15 bytes)
Event: 6.349 Thread 0x00000147a6a1e5b0 nmethod 631 0x000001478fce4510 code [0x000001478fce46c0, 0x000001478fce4810]
Event: 6.349 Thread 0x00000147a6a1e5b0  632       3       kotlin.text.StringsKt__StringsJVMKt::startsWith (36 bytes)
Event: 6.349 Thread 0x00000147a6a1e5b0 nmethod 632 0x000001478fce4910 code [0x000001478fce4be0, 0x000001478fce5868]
Event: 6.349 Thread 0x00000147a6a1e5b0  628       3       java.lang.invoke.MemberName::getMethodOrFieldType (72 bytes)
Event: 6.350 Thread 0x00000147a69e7b40  633       4       java.lang.StringBuilder::append (8 bytes)
Event: 6.350 Thread 0x00000147a6a1e5b0 nmethod 628 0x000001478fce5d90 code [0x000001478fce60e0, 0x000001478fce6ee0]
Event: 6.350 Thread 0x00000147a6a1e5b0  634   !   3       java.lang.ClassLoader::addClass (27 bytes)
Event: 6.350 Thread 0x00000147a6a1e5b0 nmethod 634 0x000001478fce7410 code [0x000001478fce7600, 0x000001478fce7c40]
Event: 6.350 Thread 0x00000147a6a1e5b0  630       1       kotlin.reflect.jvm.internal.KClassImpl::getJClass (5 bytes)
Event: 6.350 Thread 0x00000147a6a1e5b0 nmethod 630 0x0000014797706090 code [0x0000014797706220, 0x00000147977062f0]
Event: 6.350 Thread 0x00000147a6a1e5b0  635       3       java.lang.Thread::interrupted (7 bytes)
Event: 6.350 Thread 0x00000147a6a1e5b0 nmethod 635 0x000001478fce7f90 code [0x000001478fce8140, 0x000001478fce83a8]
Event: 6.350 Thread 0x00000147a6a1e5b0  636       3       java.lang.Thread::getAndClearInterrupt (19 bytes)
Event: 6.350 Thread 0x00000147a6a1e5b0 nmethod 636 0x000001478fce8490 code [0x000001478fce8640, 0x000001478fce87c8]
Event: 6.351 Thread 0x00000147a6a1e5b0  637       3       java.net.URL::<init> (8 bytes)
Event: 6.351 Thread 0x00000147a6a1e5b0 nmethod 637 0x000001478fce8890 code [0x000001478fce8a40, 0x000001478fce8b88]
Event: 6.351 Thread 0x00000147a6a1e5b0  638       3       java.net.URLStreamHandler::setURL (156 bytes)
Event: 6.352 Thread 0x00000147a6a1e5b0 nmethod 638 0x000001478fce8c10 code [0x000001478fce8f20, 0x000001478fce9f18]
Event: 6.352 Thread 0x00000147a69e7b40 nmethod 633 0x0000014797706390 code [0x0000014797706560, 0x0000014797706c38]

GC Heap History (0 events):
No events

Dll operation events (2 events):
Event: 0.008 Loaded shared library C:\Program Files\Android\Android Studio2\jbr\bin\java.dll
Event: 0.012 Loaded shared library C:\Program Files\Android\Android Studio2\jbr\bin\zip.dll

Deoptimization events (20 events):
Event: 0.093 Thread 0x000001478caa91d0 DEOPT PACKING pc=0x000001478fc1abc9 sp=0x0000003b349fd810
Event: 0.093 Thread 0x000001478caa91d0 DEOPT UNPACKING pc=0x00000147971888e2 sp=0x0000003b349fcc80 mode 0
Event: 0.093 Thread 0x000001478caa91d0 DEOPT PACKING pc=0x000001478fc1abc9 sp=0x0000003b349fd810
Event: 0.093 Thread 0x000001478caa91d0 DEOPT UNPACKING pc=0x00000147971888e2 sp=0x0000003b349fcc80 mode 0
Event: 1.165 Thread 0x000001478caa91d0 Uncommon trap: trap_request=0xffffff45 fr.pc=0x00000147976d84bc relative=0x000000000000089c
Event: 1.165 Thread 0x000001478caa91d0 Uncommon trap: reason=unstable_if action=reinterpret pc=0x00000147976d84bc method=java.util.zip.ZipFile$Source.checkAndAddEntry(II)I @ 50 c2
Event: 1.165 Thread 0x000001478caa91d0 DEOPT PACKING pc=0x00000147976d84bc sp=0x0000003b349fe5a0
Event: 1.165 Thread 0x000001478caa91d0 DEOPT UNPACKING pc=0x0000014797187da2 sp=0x0000003b349fe510 mode 2
Event: 1.181 Thread 0x000001478caa91d0 Uncommon trap: trap_request=0xffffff45 fr.pc=0x00000147976de978 relative=0x00000000000002b8
Event: 1.181 Thread 0x000001478caa91d0 Uncommon trap: reason=unstable_if action=reinterpret pc=0x00000147976de978 method=java.lang.StringLatin1.hashCode([B)I @ 2 c2
Event: 1.181 Thread 0x000001478caa91d0 DEOPT PACKING pc=0x00000147976de978 sp=0x0000003b349fbc50
Event: 1.181 Thread 0x000001478caa91d0 DEOPT UNPACKING pc=0x0000014797187da2 sp=0x0000003b349fbb88 mode 2
Event: 1.219 Thread 0x000001478caa91d0 DEOPT PACKING pc=0x000001478fc1704c sp=0x0000003b349fe1a0
Event: 1.219 Thread 0x000001478caa91d0 DEOPT UNPACKING pc=0x00000147971888e2 sp=0x0000003b349fd5c0 mode 0
Event: 2.242 Thread 0x000001478caa91d0 DEOPT PACKING pc=0x000001478fc15c4c sp=0x0000003b349fe010
Event: 2.242 Thread 0x000001478caa91d0 DEOPT UNPACKING pc=0x00000147971888e2 sp=0x0000003b349fd478 mode 0
Event: 4.299 Thread 0x000001478caa91d0 Uncommon trap: trap_request=0xffffff6e fr.pc=0x00000147976e5404 relative=0x0000000000000164
Event: 4.299 Thread 0x000001478caa91d0 Uncommon trap: reason=loop_limit_check action=maybe_recompile pc=0x00000147976e5404 method=java.lang.StringLatin1.lastIndexOf([BII)I @ 19 c2
Event: 4.299 Thread 0x000001478caa91d0 DEOPT PACKING pc=0x00000147976e5404 sp=0x0000003b349fc010
Event: 4.299 Thread 0x000001478caa91d0 DEOPT UNPACKING pc=0x0000014797187da2 sp=0x0000003b349fbf90 mode 2

Classes loaded (20 events):
Event: 6.341 Loading class java/util/regex/Pattern$BmpCharPropertyGreedy
Event: 6.341 Loading class java/util/regex/Pattern$CharPropertyGreedy
Event: 6.341 Loading class java/util/regex/Pattern$CharPropertyGreedy done
Event: 6.341 Loading class java/util/regex/Pattern$BmpCharPropertyGreedy done
Event: 6.341 Loading class java/util/regex/Pattern$BnM
Event: 6.341 Loading class java/util/regex/Pattern$BnM done
Event: 6.343 Loading class sun/invoke/util/ValueConversions$WrapperCache
Event: 6.343 Loading class sun/invoke/util/ValueConversions$WrapperCache done
Event: 6.343 Loading class sun/invoke/util/ValueConversions$1
Event: 6.343 Loading class sun/invoke/util/ValueConversions$1 done
Event: 6.343 Loading class java/lang/invoke/MethodHandles$1
Event: 6.343 Loading class java/lang/invoke/MethodHandles$1 done
Event: 6.344 Loading class java/lang/invoke/BoundMethodHandle$Species_LI
Event: 6.344 Loading class java/lang/invoke/BoundMethodHandle$Species_LI done
Event: 6.344 Loading class java/lang/invoke/ClassSpecializer$Factory$1Var
Event: 6.344 Loading class java/lang/invoke/ClassSpecializer$Factory$1Var done
Event: 6.346 Loading class java/lang/invoke/BoundMethodHandle$Species_LLL
Event: 6.346 Loading class java/lang/invoke/BoundMethodHandle$Species_LLL done
Event: 6.351 Loading class java/net/URLConnection
Event: 6.351 Loading class java/net/URLConnection done

Classes unloaded (0 events):
No events

Classes redefined (0 events):
No events

Internal exceptions (6 events):
Event: 6.343 Thread 0x000001478caa91d0 Exception <a 'java/lang/NoSuchMethodError'{0x0000000713a8b080}: 'void java.lang.invoke.DirectMethodHandle$Holder.invokeSpecial(java.lang.Object, java.lang.Object, int)'> (0x0000000713a8b080) 
thrown [s\src\hotspot\share\interpreter\linkResolver.cpp, line 784]
Event: 6.343 Thread 0x000001478caa91d0 Exception <a 'java/lang/NoSuchMethodError'{0x0000000713a8fe28}: 'int java.lang.invoke.DirectMethodHandle$Holder.invokeSpecial(java.lang.Object, java.lang.Object, java.lang.Object, int)'> (0x0000000713a8fe28) 
thrown [s\src\hotspot\share\interpreter\linkResolver.cpp, line 784]
Event: 6.344 Thread 0x000001478caa91d0 Exception <a 'java/lang/NoSuchMethodError'{0x0000000713aa2770}: 'java.lang.Object java.lang.invoke.DirectMethodHandle$Holder.invokeStatic(java.lang.Object, java.lang.Object, java.lang.Object, java.lang.Object, int)'> (0x0000000713aa2770) 
thrown [s\src\hotspot\share\interpreter\linkResolver.cpp, line 784]
Event: 6.345 Thread 0x000001478caa91d0 Exception <a 'java/lang/NoSuchMethodError'{0x0000000713aad8c0}: 'void java.lang.invoke.DelegatingMethodHandle$Holder.reinvoke_L(java.lang.Object, java.lang.Object, int)'> (0x0000000713aad8c0) 
thrown [s\src\hotspot\share\interpreter\linkResolver.cpp, line 784]
Event: 6.346 Thread 0x000001478caa91d0 Exception <a 'java/lang/NoSuchMethodError'{0x0000000713ab5930}: 'int java.lang.invoke.DirectMethodHandle$Holder.invokeSpecial(java.lang.Object, java.lang.Object, java.lang.Object)'> (0x0000000713ab5930) 
thrown [s\src\hotspot\share\interpreter\linkResolver.cpp, line 784]
Event: 6.347 Thread 0x000001478caa91d0 Exception <a 'java/lang/NoSuchMethodError'{0x0000000713ac06a8}: 'void java.lang.invoke.DirectMethodHandle$Holder.invokeSpecial(java.lang.Object, java.lang.Object, java.lang.Object)'> (0x0000000713ac06a8) 
thrown [s\src\hotspot\share\interpreter\linkResolver.cpp, line 784]

ZGC Phase Switch (0 events):
No events

VM Operations (15 events):
Event: 0.103 Executing VM operation: HandshakeAllThreads (Deoptimize)
Event: 0.103 Executing VM operation: HandshakeAllThreads (Deoptimize) done
Event: 1.104 Executing VM operation: Cleanup
Event: 1.132 Executing VM operation: Cleanup done
Event: 2.133 Executing VM operation: Cleanup
Event: 2.133 Executing VM operation: Cleanup done
Event: 3.133 Executing VM operation: Cleanup
Event: 3.133 Executing VM operation: Cleanup done
Event: 4.298 Executing VM operation: HandshakeAllThreads (Deoptimize)
Event: 4.298 Executing VM operation: HandshakeAllThreads (Deoptimize) done
Event: 5.299 Executing VM operation: Cleanup
Event: 5.308 Executing VM operation: Cleanup done
Event: 6.308 Executing VM operation: Cleanup
Event: 6.326 Executing VM operation: Cleanup done
Event: 7.327 Executing VM operation: Cleanup

Memory protections (0 events):
No events

Nmethod flushes (0 events):
No events

Events (20 events):
Event: 0.049 Thread 0x000001478caa91d0 Thread added: 0x00000147a6a09670
Event: 0.049 Thread 0x000001478caa91d0 Thread added: 0x00000147a6a0a0c0
Event: 0.049 Thread 0x000001478caa91d0 Thread added: 0x00000147a69e7b40
Event: 0.049 Thread 0x000001478caa91d0 Thread added: 0x00000147a6a1e5b0
Event: 0.075 Thread 0x000001478caa91d0 Thread added: 0x00000147a6bba180
Event: 0.078 Thread 0x000001478caa91d0 Thread added: 0x00000147a6bc58f0
Event: 0.083 Loaded shared library C:\Program Files\Android\Android Studio2\jbr\bin\net.dll
Event: 0.085 Loaded shared library C:\Program Files\Android\Android Studio2\jbr\bin\nio.dll
Event: 0.094 Thread 0x00000147a69e7b40 Thread added: 0x00000147a6c640d0
Event: 0.094 Thread 0x00000147a69e7b40 Thread added: 0x00000147a6c64b80
Event: 0.102 Loaded shared library C:\Program Files\Android\Android Studio2\jbr\bin\zip.dll
Event: 1.133 Thread 0x00000147a6c64b80 Thread exited: 0x00000147a6c64b80
Event: 1.133 Thread 0x00000147a6c640d0 Thread exited: 0x00000147a6c640d0
Event: 1.152 Loaded shared library C:\Program Files\Android\Android Studio2\jbr\bin\jimage.dll
Event: 2.251 Thread 0x00000147a69e7b40 Thread added: 0x00000147ab16bed0
Event: 2.251 Thread 0x00000147a69e7b40 Thread added: 0x00000147ab173630
Event: 4.290 Thread 0x00000147ab173630 Thread exited: 0x00000147ab173630
Event: 4.290 Thread 0x00000147ab16bed0 Thread exited: 0x00000147ab16bed0
Event: 5.319 Thread 0x00000147a6a1e5b0 Thread added: 0x00000147ab1765e0
Event: 6.328 Thread 0x00000147ab1765e0 Thread exited: 0x00000147ab1765e0


Dynamic libraries:
0x00007ff6aa210000 - 0x00007ff6aa21a000 	C:\Program Files\Android\Android Studio2\jbr\bin\java.exe
0x00007ffd45260000 - 0x00007ffd454c9000 	C:\WINDOWS\SYSTEM32\ntdll.dll
0x00007ffd44010000 - 0x00007ffd440d9000 	C:\WINDOWS\System32\KERNEL32.DLL
0x00007ffd423f0000 - 0x00007ffd427e3000 	C:\WINDOWS\System32\KERNELBASE.dll
0x00007ffd427f0000 - 0x00007ffd4293b000 	C:\WINDOWS\System32\ucrtbase.dll
0x00007ffd30280000 - 0x00007ffd30298000 	C:\Program Files\Android\Android Studio2\jbr\bin\jli.dll
0x00007ffd440e0000 - 0x00007ffd442a4000 	C:\WINDOWS\System32\USER32.dll
0x00007ffcf7d20000 - 0x00007ffcf7d3b000 	C:\Program Files\Android\Android Studio2\jbr\bin\VCRUNTIME140.dll
0x00007ffd271e0000 - 0x00007ffd27473000 	C:\WINDOWS\WinSxS\amd64_microsoft.windows.common-controls_6595b64144ccf1df_6.0.26100.5074_none_3e0d6f78e32fd63f\COMCTL32.dll
0x00007ffd436f0000 - 0x00007ffd43799000 	C:\WINDOWS\System32\msvcrt.dll
0x00007ffd44d80000 - 0x00007ffd44dab000 	C:\WINDOWS\System32\GDI32.dll
0x00007ffd42c90000 - 0x00007ffd42cb7000 	C:\WINDOWS\System32\win32u.dll
0x00007ffd42f00000 - 0x00007ffd4302d000 	C:\WINDOWS\System32\gdi32full.dll
0x00007ffd429d0000 - 0x00007ffd42a73000 	C:\WINDOWS\System32\msvcp_win.dll
0x00007ffd442b0000 - 0x00007ffd442df000 	C:\WINDOWS\System32\IMM32.DLL
0x00007ffd30de0000 - 0x00007ffd30dec000 	C:\Program Files\Android\Android Studio2\jbr\bin\vcruntime140_1.dll
0x00007ffcefc70000 - 0x00007ffcefcfd000 	C:\Program Files\Android\Android Studio2\jbr\bin\msvcp140.dll
0x00007ffcb0de0000 - 0x00007ffcb1a6b000 	C:\Program Files\Android\Android Studio2\jbr\bin\server\jvm.dll
0x00007ffd43ab0000 - 0x00007ffd43b64000 	C:\WINDOWS\System32\ADVAPI32.dll
0x00007ffd43320000 - 0x00007ffd433c6000 	C:\WINDOWS\System32\sechost.dll
0x00007ffd44300000 - 0x00007ffd44418000 	C:\WINDOWS\System32\RPCRT4.dll
0x00007ffd43a30000 - 0x00007ffd43aa4000 	C:\WINDOWS\System32\WS2_32.dll
0x00007ffd41d00000 - 0x00007ffd41d5e000 	C:\WINDOWS\SYSTEM32\POWRPROF.dll
0x00007ffd388e0000 - 0x00007ffd38915000 	C:\WINDOWS\SYSTEM32\WINMM.dll
0x00007ffd2d870000 - 0x00007ffd2d87b000 	C:\WINDOWS\SYSTEM32\VERSION.dll
0x00007ffd41ce0000 - 0x00007ffd41cf4000 	C:\WINDOWS\SYSTEM32\UMPDC.dll
0x00007ffd41190000 - 0x00007ffd411ab000 	C:\WINDOWS\SYSTEM32\kernel.appcore.dll
0x00007ffd30bc0000 - 0x00007ffd30bca000 	C:\Program Files\Android\Android Studio2\jbr\bin\jimage.dll
0x00007ffd3fb10000 - 0x00007ffd3fd52000 	C:\WINDOWS\SYSTEM32\DBGHELP.DLL
0x00007ffd44db0000 - 0x00007ffd4512b000 	C:\WINDOWS\System32\combase.dll
0x00007ffd43930000 - 0x00007ffd43a07000 	C:\WINDOWS\System32\OLEAUT32.dll
0x00007ffd25790000 - 0x00007ffd257cd000 	C:\WINDOWS\SYSTEM32\dbgcore.DLL
0x00007ffd42a80000 - 0x00007ffd42b19000 	C:\WINDOWS\System32\bcryptPrimitives.dll
0x00007ffcf7d00000 - 0x00007ffcf7d20000 	C:\Program Files\Android\Android Studio2\jbr\bin\java.dll
0x00007ffcf7c10000 - 0x00007ffcf7c28000 	C:\Program Files\Android\Android Studio2\jbr\bin\zip.dll
0x00007ffd44480000 - 0x00007ffd44bcd000 	C:\WINDOWS\System32\SHELL32.dll
0x00007ffd42b20000 - 0x00007ffd42c8c000 	C:\WINDOWS\System32\wintypes.dll
0x00007ffd40010000 - 0x00007ffd40869000 	C:\WINDOWS\SYSTEM32\windows.storage.dll
0x00007ffd43190000 - 0x00007ffd43280000 	C:\WINDOWS\System32\SHCORE.dll
0x00007ffd451b0000 - 0x00007ffd45212000 	C:\WINDOWS\System32\shlwapi.dll
0x00007ffd42310000 - 0x00007ffd42339000 	C:\WINDOWS\SYSTEM32\profapi.dll
0x00007ffd30080000 - 0x00007ffd30090000 	C:\Program Files\Android\Android Studio2\jbr\bin\net.dll
0x00007ffd38290000 - 0x00007ffd383af000 	C:\WINDOWS\SYSTEM32\WINHTTP.dll
0x00007ffd416f0000 - 0x00007ffd4175b000 	C:\WINDOWS\system32\mswsock.dll
0x00007ffcf7bf0000 - 0x00007ffcf7c06000 	C:\Program Files\Android\Android Studio2\jbr\bin\nio.dll

dbghelp: loaded successfully - version: 4.0.5 - missing functions: none
symbol engine: initialized successfully - sym options: 0x614 - pdb path: .;C:\Program Files\Android\Android Studio2\jbr\bin;C:\WINDOWS\SYSTEM32;C:\WINDOWS\WinSxS\amd64_microsoft.windows.common-controls_6595b64144ccf1df_6.0.26100.5074_none_3e0d6f78e32fd63f;C:\Program Files\Android\Android Studio2\jbr\bin\server

VM Arguments:
java_command: org.jetbrains.kotlin.cli.jvm.K2JVMCompiler @D:\Kotlin\Projects\Test_1\ReviewCard\app\build\20250920_6486372025760358147.compiler.options
java_class_path (initial): C:\Users\shiel\.gradle\caches\modules-2\files-2.1\org.jetbrains.kotlin\kotlin-compiler-embeddable\2.2.20\bb8331b7585e36ea311825b01a1c06860c055fd1\kotlin-compiler-embeddable-2.2.20.jar;C:\Users\shiel\.gradle\caches\modules-2\files-2.1\org.jetbrains.kotlin\kotlin-stdlib\2.2.20\5380b19fa1924399b62ce3a1faffebb2b4f82272\kotlin-stdlib-2.2.20.jar;C:\Users\shiel\.gradle\caches\modules-2\files-2.1\org.jetbrains.kotlin\kotlin-script-runtime\2.2.20\4c679cbeac0bb583b75c3a080013da8eaf240807\kotlin-script-runtime-2.2.20.jar;C:\Users\shiel\.gradle\caches\modules-2\files-2.1\org.jetbrains.kotlin\kotlin-reflect\1.6.10\1cbe9c92c12a94eea200d23c2bbaedaf3daf5132\kotlin-reflect-1.6.10.jar;C:\Users\shiel\.gradle\caches\modules-2\files-2.1\org.jetbrains.kotlin\kotlin-daemon-embeddable\2.2.20\feff12d48d7f1eb628742b0a721395e16f8755bf\kotlin-daemon-embeddable-2.2.20.jar;C:\Users\shiel\.gradle\caches\modules-2\files-2.1\org.jetbrains.kotlinx\kotlinx-coroutines-core-jvm\1.8.0\ac1dc37a30a93150b704022f8d895ee1bd3a36b3\kotlinx-coroutines-core-jvm-1.8.0.jar;C:\Users\shiel\.gradle\caches\modules-2\files-2.1\org.jetbrains\annotations\13.0\919f0dfe192fb4e063e7dacadee7f8bb9a2672a9\annotations-13.0.jar
Launcher Type: SUN_STANDARD

[Global flags]
     intx CICompilerCount                          = 4                                         {product} {ergonomic}
     uint ConcGCThreads                            = 2                                         {product} {ergonomic}
     uint G1ConcRefinementThreads                  = 8                                         {product} {ergonomic}
   size_t G1HeapRegionSize                         = 2097152                                   {product} {ergonomic}
    uintx GCDrainStackTargetSize                   = 64                                        {product} {ergonomic}
   size_t InitialHeapSize                          = 264241152                                 {product} {ergonomic}
   size_t MarkStackSize                            = 4194304                                   {product} {ergonomic}
   size_t MaxHeapSize                              = 4215275520                                {product} {ergonomic}
   size_t MaxNewSize                               = 2529165312                                {product} {ergonomic}
   size_t MinHeapDeltaBytes                        = 2097152                                   {product} {ergonomic}
   size_t MinHeapSize                              = 8388608                                   {product} {ergonomic}
    uintx NonNMethodCodeHeapSize                   = 5839372                                {pd product} {ergonomic}
    uintx NonProfiledCodeHeapSize                  = 122909434                              {pd product} {ergonomic}
    uintx ProfiledCodeHeapSize                     = 122909434                              {pd product} {ergonomic}
    uintx ReservedCodeCacheSize                    = 251658240                              {pd product} {ergonomic}
     bool SegmentedCodeCache                       = true                                      {product} {ergonomic}
   size_t SoftMaxHeapSize                          = 4215275520                             {manageable} {ergonomic}
     bool UseCompressedOops                        = true                           {product lp64_product} {ergonomic}
     bool UseG1GC                                  = true                                      {product} {ergonomic}
     bool UseLargePagesIndividualAllocation        = false                                  {pd product} {ergonomic}

Logging:
Log output configuration:
 #0: stdout all=warning uptime,level,tags foldmultilines=false
 #1: stderr all=off uptime,level,tags foldmultilines=false

Environment Variables:
PATH=C:\Program Files (x86)\Common Files\Oracle\Java\java8path;C:\Program Files (x86)\Common Files\Oracle\Java\javapath;C:\WINDOWS\system32;C:\WINDOWS;C:\WINDOWS\System32\Wbem;C:\WINDOWS\System32\WindowsPowerShell\v1.0\;C:\WINDOWS\System32\OpenSSH\;C:\Users\shiel\AppData\Local\Programs\Python\Python312;C:\Users\shiel\AppData\Local\Programs\Python\Python312\Scripts;C:\Program Files\dotnet\;C:\Program Files (x86)\Windows Kits\10\Windows Performance Toolkit\;C:\Program Files\Git\cmd;C:\Program Files\Java\jre1.8.0_441\bin;;C:\Program Files\Docker\Docker\resources\bin;C:\ProgramData\DockerDesktop\version-bin;C:\Users\shiel\AppData\Local\Programs\Python\Launcher\;C:\Users\shiel\AppData\Local\Microsoft\WindowsApps;C:\Users\shiel\AppData\Local\Programs\Microsoft VS Code\bin;C:\Users\shiel\AppData\Local\Programs\Python\Python312;C:\Users\shiel\.dotnet\tools;C:\Users\shiel\Desktop\Redis-x64-5.0.14.1;
USERNAME=shiel
OS=Windows_NT
PROCESSOR_IDENTIFIER=Intel64 Family 6 Model 140 Stepping 1, GenuineIntel
TMP=C:\Users\shiel\AppData\Local\Temp
TEMP=C:\Users\shiel\AppData\Local\Temp




Periodic native trim disabled

JNI global refs:
JNI global refs: 8, weak refs: 0

JNI global refs memory usage: 835, weak refs: 833

Process memory usage:
Resident Set Size: 62596K (0% of 16464448K total physical memory with 1757064K free physical memory)

OOME stack traces (most recent first):
Classloader memory used:
Loader bootstrap                                                                       : 7756K
Loader jdk.internal.loader.ClassLoaders$AppClassLoader                                 : 2686K

---------------  S Y S T E M  ---------------

OS:
 Windows 11 , 64 bit Build 26100 (10.0.26100.5074)
OS uptime: 7 days 23:44 hours
Hyper-V role detected

CPU: total 8 (initial active 8) (4 cores per cpu, 2 threads per core) family 6 model 140 stepping 1 microcode 0xa4, cx8, cmov, fxsr, ht, mmx, 3dnowpref, sse, sse2, sse3, ssse3, sse4.1, sse4.2, popcnt, lzcnt, tsc, tscinvbit, avx, avx2, aes, erms, clmul, bmi1, bmi2, adx, avx512f, avx512dq, avx512cd, avx512bw, avx512vl, sha, fma, vzeroupper, avx512_vpopcntdq, avx512_vpclmulqdq, avx512_vaes, avx512_vnni, clflush, clflushopt, clwb, avx512_vbmi2, avx512_vbmi, hv, rdtscp, rdpid, fsrm, gfni, avx512_bitalg, f16c, cet_ibt, cet_ss, avx512_ifma
Processor Information for the first 8 processors :
  Max Mhz: 2803, Current Mhz: 2803, Mhz Limit: 2803

Memory: 4k page, system-wide physical 16078M (1715M free)
TotalPageFile size 20174M (AvailPageFile size 1M)
current process WorkingSet (physical memory assigned to process): 61M, peak: 61M
current process commit charge ("private bytes"): 339M, peak: 340M

vm_info: OpenJDK 64-Bit Server VM (21.0.6+-13391695-b895.109) for windows-amd64 JRE (21.0.6+-13391695-b895.109), built on 2025-04-22T21:19:17Z by "builder" with MS VC++ 16.10 / 16.11 (VS2019)

END.
